city,school,menu_name,menu_date
부산광역시,명호고등학교,돈삼겹숙주덮밥1.2.5.6.10.12.13.18.<br/>실파계란국1.<br/>느타리잔파초무침5.6.13.<br/>당면김말이강정1.5.6.10.12.13.16.18.<br/>배추김치9.,20220203
부산광역시,명호고등학교,찹쌀밥<br/>들깨아욱된장국5.6.8.9.18.<br/>냉푸실리파스타1.5.6.12.13.<br/>견과류멸치볶음5.6.13.14.<br/>고구마치즈돈까스1.2.5.6.10.12.13.16.<br/>배추김치9.,20220204
부산광역시,명호고등학교,찹쌀밥<br/>사골떡국1.2.5.6.10.16.<br/>겨울초겉절이13.<br/>호박볶음<br/>함박스테이크1.2.5.6.10.12.13.15.16.<br/>배추김치9.,20220207
부산광역시,명호고등학교,돼지국밥2.5.6.9.10.13.16.<br/>부추겉절이5.6.13.<br/>오이고추된장무침5.6.13.<br/>도토리묵/양념장5.6.<br/>석박지9.,20220208
부산광역시,명호고등학교,자장면1.5.6.10.13.16.<br/>애플모찌탕수육1.5.6.10.11.12.13.<br/>배추김치9.<br/>단무지*<br/>구운계란1.<br/>제주감귤주스13.,20220209
부산광역시,명호고등학교,혼합잡곡밥5.<br/>감자옹심이국1.5.6.9.<br/>브로컬리/초고추장5.6.13.<br/>야채계란말이1.5.<br/>코다리살엿장조림5.6.13.<br/>배추김치9.,20220210
부산광역시,명호고등학교,자장면1.5.6.10.13.16.<br/>단무지무침13.<br/>애플모찌탕수육1.5.6.10.11.12.13.<br/>배추김치9.<br/>구운계란1.<br/>제주감귤주스13.,20220302
부산광역시,명호고등학교,흑미밥<br/>쇠고기무국5.6.16.<br/>안동닭찜2.5.6.13.15.18.<br/>브로컬리/초고추장5.6.13.<br/>감자햄볶음1.2.5.6.10.15.16.<br/>배추김치9.,20220303
부산광역시,명호고등학교,찹쌀밥<br/>순대국2.5.6.9.10.13.16.<br/>부추겉절이5.6.13.<br/>오징어어묵무침5.6.17.<br/>배추김치9.<br/>야채스틱5.6.13.,20220304
부산광역시,명호고등학교,팥찰밥<br/>쇠고기미역국5.6.16.<br/>무말랭이무침13.<br/>콩나물쫄면무침5.6.13.<br/>삼겹살마늘구이10.<br/>백김치(영양량)9.,20220307
부산광역시,명호고등학교,김가루주먹밥<br/>매콤닭칼국수5.6.13.<br/>찐왕만두1.5.6.10.13.16.18.<br/>통배추겉절이9.13.<br/>깍두기9.,20220308
부산광역시,명호고등학교,혼합잡곡밥5.<br/>맑은콩나물국5.<br/>건새우호박볶음5.9.<br/>고추송송고기말이1.6.10.12.15.16.<br/>고등어카레구이2.5.6.7.12.13.16.<br/>깍두기9.,20220310
부산광역시,명호고등학교,치킨마요덮밥1.2.5.6.12.13.15.<br/>모듬어묵국1.5.6.13.<br/>진미포양배추무침5.6.13.17.<br/>콘치즈1.2.5.6.10.12.13.15.16.<br/>배추김치9.,20220311
부산광역시,명호고등학교,차조밥<br/>북어포무국9.<br/>열무된장무침5.6.<br/>김가루버섯무침<br/>치즈닭떡볶음2.5.6.13.15.<br/>배추김치9.,20220314
부산광역시,명호고등학교,차조밥<br/>북어뭇국5.6.13.18.<br/>치즈닭떡볶음2.5.6.9.13.15.18.<br/>열무된장무침5.6.<br/>김가루버섯무침<br/>배추김치9.,20220321
부산광역시,명호고등학교,백미밥<br/>떡만두국(쇠고기육수)1.2.5.6.10.13.15.16.18.<br/>계란찜1.5.9.13.<br/>취나물된장무침5.6.<br/>코다리떡강정2.4.5.6.12.13.<br/>배추김치9.,20220322
부산광역시,명호고등학교,중화비빔밥5.6.12.13.18.<br/>미니우동1.5.6.9.13.16.<br/>계란후라이1.5.<br/>배추김치9.<br/>단무지,20220323
부산광역시,명호고등학교,단호박카레라이스2.5.6.10.13.16.18.<br/>호박볶음<br/>새우까스1.2.5.6.9.13.14.16.18.<br/>배추김치9.<br/>수제타르소스(a)*1.5.13.<br/>포도,20220324
부산광역시,명호고등학교,찹쌀밥<br/>달걀순두부탕1.5.<br/>매운닭조림5.6.13.15.<br/>삼색나물(보름)5.13.<br/>배추김치9.,20220325
부산광역시,명호고등학교,수수밥<br/>감자옹심이국1.5.6.9.<br/>잔파무생채13.<br/>매실간장등뼈찜10.13.<br/>부추전1.6.9.17.<br/>배추김치9.,20220328
부산광역시,명호고등학교,찹쌀밥<br/>오징어무국17.<br/>열무액젓무침<br/>양념감자5.6.12.<br/>지코바식숯불치킨13.15.<br/>배추김치9.,20220329
부산광역시,명호고등학교,찹쌀밥<br/>스팸김치찌개1.2.5.6.9.10.15.16.<br/>꽁치무조림(통조림)5.6.13.<br/>콩나물무침5.6.<br/>로제소스비엔나볶음1.2.5.6.10.15.16.<br/>깍두기9.<br/>바나나,20220330
부산광역시,명호고등학교,쌀보리밥<br/>닭곰탕15.<br/>오이부추겉절이13.<br/>마늘쫑건새우볶음1.2.5.6.9.10.13.15.16.<br/>멘츠카츠&소스1.5.6.10.12.13.<br/>배추김치9.,20220331
부산광역시,명호고등학교,차조밥<br/>닭개장*1.5.6.13.15.16.18.<br/>참나물겉절이5.6.9.13.<br/>코다리칠리강정2.4.5.6.12.13.16.<br/>고기송송고기말이1.5.6.10.15.16.<br/>김치(명호)9.,20220401
부산광역시,명호고등학교,기장밥1<br/>양념장1.5.6.13.<br/>북어달걀국1.5.6.9.13.<br/>치즈불닭구이*2.5.6.12.13.15.18.<br/>돌나물초무침(a)5.6.13.<br/>도토리묵3.4.5.6.13.<br/>김치(명호)9.,20220404
부산광역시,명호고등학교,팥찰밥<br/>쇠고기미역국15.6.16.<br/>미나리무생채5.6.13.<br/>삼색잡채*1.2.3.4.5.6.10.13.<br/>돈육간장구이2.5.6.7.10.16.18.<br/>김치(명호)9.<br/>초코케이크1.2.5.6.10.,20220405
부산광역시,명호고등학교,잔치국수*1.5.6.9.13.<br/>셀프충무김밥11.5.6.13.17.18.<br/>깍두기(명호)9.,20220406
부산광역시,명호고등학교,혼합15곡잡곡밥(추천)5.<br/>닭다리삼계탕5.6.13.15.<br/>온두부*5.6.13.<br/>볶음김치5.6.9.<br/>궁중떡볶이(조랭이)2.5.6.10.13.18.<br/>떠먹는요구르트(저당)2.13.,20220407
부산광역시,명호고등학교,낙지새우비빔밥2.5.6.9.13.16.17.18.<br/>들깨무채국11.3.5.6.13.<br/>김치(명호)9.<br/>토마토꿀절임*12.<br/>에그타르트181.2.5.6.13.16.,20220408
부산광역시,명호고등학교,율무밥1<br/>비빔쫄면2.5.6.12.13.<br/>맑은동태탕5.6.9.13.18.<br/>고구마맛탕15.13.<br/>너비아니2.5.6.10.13.15.16.18.<br/>김치(명호)9.<br/>요구르트2.13.,20220411
부산광역시,명호고등학교,현미밥<br/>참치김치찌개(안)2.5.6.9.13.<br/>돼지갈비찜(단호박)5.6.10.13.16.18.<br/>삼색나물*5.6.<br/>명태살두부전1.2.3.4.5.6.8.9.10.13.16.17.18.<br/>깍두기(명호)9.,20220412
부산광역시,명호고등학교,셀프김가루주먹밥5.6.13.18.<br/>미니우동1.2.5.6.7.8.9.13.16.18.<br/>떡볶이*1.2.5.6.12.13.<br/>김말이튀김(1)1.5.6.16.18.<br/>김치(명호)9.<br/>유산균주스2.11.12.13.,20220413
부산광역시,명호고등학교,자장면(1/2)1.2.4.5.6.9.10.12.13.16.18.<br/>해물짬뽕국(1/2)1.2.5.6.8.9.10.12.13.17.18.<br/>후르츠탕수육1.2.5.6.10.11.12.13.<br/>단무지13.<br/>짜먹는요구르트(포)2.<br/>골드파인애플바/생과,20220414
부산광역시,명호고등학교,추억의도시락(소시지)  (1.2.5.6.9.10.13.15.16.18.)<br/>감자옹심이국*  (1.5.6.9.13.16.17.18.)<br/>초코칩트위스터  (1.2.4.5.6.8.10.12.13.14.)<br/>깍두기(명호)  (9.),20220415
부산광역시,명호고등학교,검정쌀밥1  <br/>시금치된장국1  (5.6.9.13.)<br/>안동찜닭*납작당면  (2.3.5.6.7.8.10.13.15.16.18.)<br/>새송이호박볶음*  (5.6.9.13.)<br/>백짬뽕매운군만두18  (1.2.5.6.9.10.13.16.17.18.)<br/>김치(명호)  (9.),20220418
부산광역시,명호고등학교,보리밥(할맥)  <br/>등뼈감자탕*  (5.6.9.10.13.18.)<br/>메추리알장조림*  (1.5.6.10.13.)<br/>생선까스  (1.2.5.6.10.13.15.18.)<br/>김치(명호)  (9.)<br/>수제타르소스(a)*  (1.2.5.13.)<br/>딸기와플  (1.2.3.4.5.6.13.),20220419
부산광역시,명호고등학교,단호박카레라이스  (2.5.6.10.12.13.16.18.)<br/>백미밥  <br/>크로크무슈  (1.2.3.4.5.6.10.13.)<br/>얼갈이겉절이  (9.13.18.)<br/>김치(명호)  (9.)<br/>과일화채(안연)  (2.5.11.12.13.),20220420
부산광역시,명호고등학교,차조밥  <br/>뱅글뱅글소시지  (1.2.5.6.9.10.15.16.18.)<br/>연두부달걀탕18  (1.5.6.9.13.18.)<br/>오이무침*  (8.13.16.18.)<br/>오징어김치전(안)  (1.2.5.6.9.13.17.18.)<br/>김치(명호)  (9.)<br/>머스타드  (1.2.4.5.6.13.),20220421
부산광역시,명호고등학교,*산채비빔밥(연)  (1.5.6.13.18.)<br/>두부된장국  (5.6.9.13.18.)<br/>회오리감자  (1.2.5.6.)<br/>김치(명호)  (9.)<br/>약고추장(채식)  (5.6.13.)<br/>식혜  ,20220422
부산광역시,명호고등학교,통밀밥  (6.)<br/>돼지고기김치찌개1  (5.6.9.10.13.)<br/>김가루청포묵무침(a)*  (2.5.6.13.18.)<br/>새우까스  (1.2.5.6.9.12.13.14.16.18.)<br/>납작만두&비빔채소  (1.3.4.5.6.10.13.)<br/>치폴레소스  (1.5.13.)<br/>깍두기(명호)  (9.),20220425
부산광역시,명호고등학교,팥찰밥  (5.6.)<br/>쇠고기미역국1  (5.6.13.16.)<br/>돼지갈비찜(감자/밤/표고)  (5.6.10.13.16.18.)<br/>오이무침*  (5.6.9.13.)<br/>파프리카잡채  (1.2.3.4.5.6.8.10.13.18.)<br/>김치(명호)  (9.)<br/>슈크림  (1.2.5.6.16.),20220502
부산광역시,명호고등학교,보리밥(할맥)  <br/>한우우거지국*  (5.6.13.16.)<br/>*부추겉절이(연)  (5.6.13.)<br/>비엔나떡볶음  (1.2.5.6.10.12.13.15.16.18.)<br/>가자미포카레구이  (2.4.5.6.10.12.13.15.16.18.)<br/>김치(명호)  (9.),20220503
부산광역시,명호고등학교,김치볶음밥  (5.9.10.13.)<br/>어묵국  (1.5.6.7.8.9.13.16.18.)<br/>로제떡볶이  (1.2.5.6.10.12.13.15.16.17.)<br/>모듬튀김  (1.2.5.6.10.15.16.17.18.)<br/>아이스크림1  (2.5.6.13.)<br/>깍두기(명호)  (9.),20220504
부산광역시,명호고등학교,미소팽이장국  (5.6.13.)<br/>주꾸미콩나물비빔밥  (2.5.6.10.13.16.17.18.)<br/>고구마치즈또띠아  (1.2.5.6.10.12.)<br/>김치(명호)  (9.)<br/>저당요구르트  (2.),20220509
부산광역시,명호고등학교,검정쌀밥1  <br/>양념장  (5.6.13.)<br/>건새우아욱국(표준)  (5.6.9.13.18.)<br/>세발나물무침  (5.6.9.)<br/>오리불고기(느타리/떡)  (2.5.6.13.15.18.)<br/>두부구이(안)  (1.5.6.13.)<br/>김치(명호)  (9.),20220510
부산광역시,명호고등학교,잔멸치김가루주먹밥  (1.2.5.6.13.16.18.)<br/>해물칼국수1  (4.5.6.9.10.13.15.16.18.)<br/>배추겉절이(유자)  (9.13.)<br/>치즈핫도그  (1.2.5.6.10.12.13.16.),20220511
부산광역시,명호고등학교,현미밥  <br/>부대찌개*  (1.2.5.6.9.10.12.13.15.16.18.)<br/>계란찜  (1.5.9.13.)<br/>취나물된장무침  (5.6.)<br/>피쉬*칩스  (1.2.5.6.13.16.18.)<br/>깍두기(명호)  (9.),20220512
부산광역시,명호고등학교,소보루덮밥(채식)  (1.5.6.9.)<br/>유부장국  (5.6.)<br/>채식만두  (1.5.6.)<br/>황도요거트샐러드(a)  (2.5.11.13.)<br/>깍두기(명호)  (9.),20220513
부산광역시,명호고등학교,혼합15곡잡곡밥(추천)  (5.)<br/>비빔막국수(안)  (3.5.6.13.16.18.)<br/>돼지고기김치찌개1  (5.6.9.10.13.)<br/>아몬드멸치볶음1  (4.5.6.13.14.)<br/>햄에그까스*칠리소스  (1.2.5.6.10.12.13.15.18.)<br/>깍두기(명호)  (9.),20220516
부산광역시,명호고등학교,귀리밥  <br/>고사리육개장(제주향토음식a)  (5.6.13.16.18.)<br/>꽁치무조림1  (5.6.13.16.18.)<br/>오이부추겉절이  (5.6.13.)<br/>스모크햄전*케첩  (1.2.5.6.10.12.16.)<br/>김치(명호)  (9.),20220517
부산광역시,명호고등학교,잡채밥(자장)  (1.2.4.5.6.9.10.12.13.15.16.17.18.19.)<br/>잔파계란국  (1.5.6.13.)<br/>소떡소떡  (1.2.5.6.10.12.13.15.16.)<br/>단무지  (13.)<br/>골드파인애플바/생과  ,20220518
부산광역시,명호고등학교,클로렐라쌀밥  <br/>등뼈김치찜(a)*  (5.6.9.10.13.)<br/>감자수제비국  (1.5.6.9.13.16.17.18.)<br/>숙주나물무침1  (5.)<br/>하트연근전  (1.2.5.6.16.18.)<br/>깍두기(명호)  (9.),20220519
부산광역시,명호고등학교,참치생채소비빔밥  (5.6.13.18.)<br/>인절미토스트  (1.2.3.4.5.6.)<br/>팽이장국  (5.6.13.)<br/>감자조림(a)  (5.6.)<br/>김치(명호)  (9.),20220520
부산광역시,명호고등학교,검정쌀밥1  <br/>북어콩나물국1  (5.6.13.18.)<br/>고등어김치조림(오븐)  (5.6.7.9.13.)<br/>브로콜리숙회&초장  (5.6.13.)<br/>탕수만두(만두추가a)  (1.2.5.6.10.11.12.13.18.)<br/>김치(명호)  (9.),20220523
부산광역시,명호고등학교,렌틸콩밥  (5.)<br/>해물탕  (5.6.8.9.13.18.)<br/>미역초무침(a)  (5.6.13.)<br/>푸실리샐러드  (1.2.5.6.7.9.12.13.18.)<br/>치즈돈가스  (1.2.5.6.10.12.13.)<br/>김치(명호)  (9.)<br/>돈가스소스(수제)*  (1.2.5.6.11.12.13.16.18.),20220524
부산광역시,명호고등학교,스팸마요덮밥(a)  (1.2.5.6.9.10.13.16.)<br/>유부장국  (5.6.13.)<br/>통살꼬치까스  (2.5.6.12.15.16.)<br/>김치(명호)  (9.),20220525
부산광역시,명호고등학교,셀프김가루주먹밥  (5.6.13.)<br/>토마토스파게티*  (1.2.5.6.10.12.13.16.)<br/>치킨샐러드*  (1.2.5.6.13.15.18.)<br/>오이피클9봉  (13.)<br/>레몬에이드(완)  (13.),20220526
부산광역시,명호고등학교,닭갈비볶음밥  (2.5.6.13.15.16.18.)<br/>베이컨토스트  (1.2.3.4.5.6.10.12.13.16.18.)<br/>두부된장국  (5.6.13.)<br/>양배추샐러드  (1.2.5.6.12.13.)<br/>백김치(명호)  (9.),20220527
부산광역시,명호고등학교,김치말이국수  (1.3.5.6.9.16.18.)<br/>햄김가루주먹밥  (1.2.5.6.9.10.12.13.15.16.18.)<br/>갈비만두&초간장  (5.6.9.10.16.18.)<br/>깍두기(명호)  (9.),20220530
부산광역시,명호고등학교,백미밥  <br/>우동장국1  (1.2.5.6.9.13.)<br/>찜순대  (2.5.6.10.13.16.)<br/>건파래볶음1  (13.)<br/>떡볶이*  (1.5.6.13.)<br/>김치(명호)  (9.)<br/>쌈장  (5.6.13.),20220602
부산광역시,명호고등학교,낙지새우비빔밥  (5.6.9.13.17.)<br/>들깨무채국1  <br/>김치(명호)  (9.)<br/>아이스찹쌀떡(딸기맛)  (2.5.6.)<br/>오미자에이드  (13.),20220603
부산광역시,명호고등학교,현미밥  <br/>쇠고기버섯샤브(국)18  (5.6.13.16.)<br/>열무된장무침  (5.6.)<br/>꽈리고추오징어볶음  (5.6.13.17.)<br/>미트볼치즈구이*  (1.2.5.6.10.12.13.15.16.)<br/>김치(명호)  (9.),20220607
부산광역시,명호고등학교,열무비빔밥&약고추장  <br/>열무비빔밥(고명)  (5.6.9.)<br/>팽이버섯된장국(표준)  (5.6.)<br/>계란후라이  (1.)<br/>채식만두  (1.5.6.10.16.18.)<br/>김치(명호)  (9.)<br/>약고추장(채식)  (5.6.13.),20220608
부산광역시,명호고등학교,돈육카레라이스(a)  (2.5.6.10.12.13.16.18.)<br/>얼갈이겉절이  <br/>오지치즈후라이(a)  (1.2.5.6.10.)<br/>김치(명호)  (9.)<br/>바나나우유  (2.)<br/>망고황도요거트샐러드(a)  (2.11.),20220609
부산광역시,명호고등학교,*콩나물밥  (5.6.)<br/>양념장  (5.6.)<br/>두부된장국  (5.6.18.)<br/>연근조림  (5.6.13.)<br/>김치(명호)  (9.)<br/>멘보사과  (2.5.6.),20220610
부산광역시,명호고등학교,팥찰밥  <br/>새알미역국  (5.6.)<br/>콩나물무침(고춧가루)*  (5.)<br/>파프리카잡채  (1.5.6.13.)<br/>통삼겹바베큐(매콤)  (10.)<br/>김치(명호)  (9.)<br/>쌈장  (5.6.13.)<br/>마카롱  (1.2.6.),20220613
부산광역시,명호고등학교,기장밥1  <br/>돼지고기김치찌개1  (5.6.9.10.)<br/>코다리시래기찜*  (5.6.13.)<br/>대파채겉절이  <br/>대파채겉절이(레몬)  (1.2.5.6.)<br/>오리살스테이크  (1.2.5.6.12.)<br/>깍두기(명호)  (9.),20220614
부산광역시,명호고등학교,자장면(주식)  (1.2.5.6.12.13.16.18.)<br/>양배추겉절이  (5.6.13.)<br/>한입꿔바로우  (1.5.6.10.)<br/>단무지  <br/>청포도주스  (13.),20220615
부산광역시,명호고등학교,검정쌀밥1  <br/>양념장  (5.6.)<br/>건새우아욱국(표준)  (5.6.9.)<br/>연두부  (5.)<br/>실곤약무침(안)  (5.6.13.)<br/>슈프림치킨  (1.5.6.15.)<br/>김치(명호)  (9.),20220616
부산광역시,명호고등학교,혼합15곡잡곡밥(추천)  (5.)<br/>녹두삼계탕1  (15.)<br/>도라지오이초무침  (5.6.13.)<br/>타코야끼  (1.2.5.6.13.)<br/>김치(명호)  (9.)<br/>수박  ,20220617
부산광역시,명호고등학교,목살볶음밥(안)*  (1.2.5.6.10.13.15.16.18.)<br/>양배추샐러드&키위드레싱  (1.2.5.6.11.13.)<br/>고구마치즈돈가스  (1.2.5.6.10.)<br/>김치(명호)  (9.)<br/>골라먹는과일젤리  <br/>양송이스프(안)  (2.5.6.13.16.),20220620
부산광역시,명호고등학교,귀리밥  <br/>단배추들깨시락국1  (5.6.)<br/>순대채소볶음*  (2.5.6.10.13.16.)<br/>훈제오리부추볶음  (1.2.5.6.)<br/>김치(명호)  (9.)<br/>무쌈  ,20220621
부산광역시,명호고등학교,크림스파게티(안)  (1.2.5.6.10.13.16.)<br/>마늘바게트  (2.5.6.)<br/>치킨텐더샐러드(채식)  (1.2.5.6.)<br/>오이피클9봉  <br/>자몽에이드  ,20220622
부산광역시,명호고등학교,클로렐라쌀밥  <br/>맑은동태탕  (5.6.9.)<br/>온두부*  (5.)<br/>콩나물불고기  (5.6.10.13.)<br/>볶음김치  (9.)<br/>메론1  ,20220623
부산광역시,명호고등학교,보리밥(할맥)  <br/>치즈부대찌개  (1.2.5.6.9.10.12.13.15.16.)<br/>치커리사과무침(a)  (13.)<br/>탕평채*  (1.5.6.16.)<br/>멘츠카츠*소스  (1.2.5.6.10.12.15.16.)<br/>깍두기  (9.),20220624
부산광역시,명호고등학교,현미밥  <br/>돼지고기김치찌개1  (5.6.9.10.)<br/>미나리무생채  (5.6.13.)<br/>해물떡볶이  (1.2.5.6.7.9.12.13.15.17.18.)<br/>고구마함박*소스  (1.2.5.6.10.12.15.16.)<br/>김치(명호)  (9.),20220704
부산광역시,명호고등학교,귀리밥  <br/>근대된장국1  (5.6.)<br/>두부조림1  (5.6.13.)<br/>분모자간장찜닭  (2.5.6.8.13.15.16.18.)<br/>시금치나물  (5.6.)<br/>김치(명호)  (9.),20220705
부산광역시,명호고등학교,떡갈비*나물비빔밥  (2.5.6.7.10.13.15.16.18.)<br/>미소팽이장국  (5.6.)<br/>새우꼬치  (1.5.6.8.9.12.17.18.)<br/>김치(명호)  (9.)<br/>저당요구르트  (2.),20220706
부산광역시,명호고등학교,검정쌀밥1  <br/>옹심이만두국  (1.5.6.10.16.18.)<br/>아삭고추된장무침(연)  (5.6.)<br/>잡채어묵볶음  (1.5.6.13.16.18.)<br/>고등어구이  (7.13.)<br/>김치(명호)  (9.),20220707
부산광역시,명호고등학교,참치마요덮밥(a)  (1.2.5.6.10.12.13.15.18.)<br/>츄로스  (1.2.5.6.)<br/>들깨무채국1  (5.6.)<br/>김치(명호)  (9.)<br/>짜먹는 아이스크림  (1.2.5.),20220708
부산광역시,명호고등학교,팥찰밥  (5.)<br/>쇠고기미역국1  (5.6.16.)<br/>돼지갈비찜(단호박)  (5.6.10.13.18.)<br/>얼갈이겉절이  (5.6.9.)<br/>삼색잡채*  (1.5.6.10.13.18.)<br/>김치(명호)  (9.)<br/>치즈케이크  (1.2.5.6.10.),20220711
부산광역시,명호고등학교,기장밥1  <br/>추어탕  (5.6.9.)<br/>미트볼데리야끼조림*  (1.2.5.6.10.12.13.15.16.18.)<br/>콩나물무침(고춧가루)*  (5.6.)<br/>두부담은찰도그롤  (1.2.5.6.9.10.15.16.18.)<br/>김치(명호)  (9.)<br/>저당요구르트  (2.),20220712
부산광역시,명호고등학교,잔치국수*  (1.5.6.9.18.)<br/>셀프충무김밥1  (1.5.6.9.13.17.18.)<br/>고구마맛탕1  (5.6.13.)<br/>석박지(영양량)  (9.),20220713
부산광역시,명호고등학교,혼합15곡잡곡밥(추천)  (5.)<br/>닭다리삼계탕*면  (5.6.15.)<br/>요플레과일샐러드(봄)1  (2.5.11.12.)<br/>도라지오이초무침  (5.6.)<br/>동그랑땡구이  (1.5.6.10.12.15.16.)<br/>김치(명호)  (9.)<br/>케첩  (12.),20220714
부산광역시,명호고등학교,백미밥  <br/>우동장국1  (1.2.5.6.9.13.16.)<br/>미역줄기볶음1  (5.6.9.18.)<br/>떡볶이*  (1.5.6.13.)<br/>김말이튀김(1)  (1.5.6.16.)<br/>어묵튀김(사이드)  (1.5.6.)<br/>김치(명호)  (9.)<br/>유산균주스  (2.11.12.),20220816
부산광역시,명호고등학교,토마토스파게티*  (1.2.5.6.10.12.13.15.16.18.)<br/>불고기퀘사디아  (2.4.5.6.10.13.16.)<br/>콥샐러드  (1.2.5.6.12.13.)<br/>오이피클9봉  (13.)<br/>블루베리에이드  (13.),20220817
부산광역시,명호고등학교,현미밥  <br/>옹심이만두국  (1.5.6.10.16.18.)<br/>깻잎순멸치볶음  (5.6.13.)<br/>돈육김치볶음  (5.6.9.10.13.)<br/>삼치구이  (5.6.13.18.)<br/>깍두기(명호)  (9.),20220818
부산광역시,명호고등학교,백미밥  <br/>오이무침*  (5.6.13.)<br/>치즈돈가스  (1.2.5.6.10.12.13.15.16.18.)<br/>알감자버터구이(안)*  (2.5.6.13.)<br/>김치(명호)  (9.)<br/>아이스망고바  <br/>양송이스프(안)  (2.5.6.10.13.16.18.),20220819
부산광역시,명호고등학교,차수수밥  <br/>시금치된장국1  (5.6.)<br/>오이스틱*  (5.6.)<br/>오리불고기(느타리/떡)  (5.6.13.15.)<br/>펜네미트볼볶음(크림)  (1.2.5.6.10.13.15.16.)<br/>김치(명호)  (9.),20220822
부산광역시,명호고등학교,팥찰밥  (5.)<br/>비빔당면  (1.5.6.)<br/>쇠고기미역국1  (5.6.16.)<br/>닭감자찜  (5.6.13.15.)<br/>명란달걀찜  (1.13.18.)<br/>김치(명호)  (9.)<br/>오레오케이크  (1.2.5.6.10.),20220823
부산광역시,명호고등학교,추억의도시락(소시지)  (1.2.5.6.9.10.15.16.)<br/>들깨무채국1  (5.6.)<br/>단배추된장나물  (5.6.)<br/>꽈배기도넛  (1.2.5.6.13.)<br/>깍두기(명호)  (9.),20220824
부산광역시,명호고등학교,옥수수알밥1  <br/>두부된장국  (5.6.18.)<br/>삼겹살주꾸미볶음1  (1.5.6.7.10.12.13.15.16.18.)<br/>새송이호박볶음*  (5.6.9.)<br/>고로곤치즈또띠아  (2.5.6.13.)<br/>김치(명호)  (9.),20220825
부산광역시,명호고등학교,현미밥  <br/>등뼈감자탕*  (5.6.9.10.13.)<br/>두부조림1  (5.6.13.)<br/>방울어묵볶음(안)  (1.5.6.13.)<br/>순대떡볶이  (1.2.5.6.10.12.13.16.)<br/>김치(명호)  (9.),20220826
부산광역시,명호고등학교,차조밥  <br/>허니브레드(미니)  (2.5.6.13.)<br/>닭곰탕*당면*  (1.5.6.8.10.13.15.18.)<br/>*부추겉절이(연)  (5.6.13.)<br/>피쉬*칩스  (1.2.5.6.8.10.13.16.18.)<br/>김치(명호)  (9.),20220829
부산광역시,명호고등학교,클로렐라쌀밥  <br/>동태매운탕1  (5.6.9.18.)<br/>메추리알장조림*  (1.5.6.13.)<br/>열무된장무침  (5.6.)<br/>만두튀김&비빔채소  (1.5.6.10.13.16.18.)<br/>김치(명호)  (9.),20220830
부산광역시,명호고등학교,곤드레콩나물밥/양념장1  (5.6.13.)<br/>팽이장국  (5.6.13.)<br/>연근조림  (5.6.13.)<br/>얼갈이겉절이  (5.6.9.)<br/>두부담은찰도그롤  (1.2.5.6.9.10.15.16.18.)<br/>김치(명호)  (9.)<br/>요구르트  (2.),20220831
부산광역시,명호고등학교,검정쌀밥1  <br/>참치김치찌개(안)  (2.5.6.9.)<br/>수육  (5.6.9.10.)<br/>옥수수달걀찜  (1.13.)<br/>열무된장무침  (5.6.)<br/>찜순대  (2.5.6.10.13.16.)<br/>김치(명호)  (9.)<br/>쌈장  (5.6.13.),20220901
부산광역시,명호고등학교,백미밥  <br/>연두부달걀탕18  (1.5.6.9.)<br/>치즈떡볶이  (1.2.5.6.13.16.17.18.)<br/>김말이  (1.5.6.16.)<br/>오징어튀김(1)  (1.5.6.17.)<br/>도시락김  <br/>김치(명호)  (9.),20220902
부산광역시,명호고등학교,백미밥  <br/>함박스테이크&소스  (1.2.5.6.10.12.13.15.16.18.)<br/>양배추샐러드&키위드레싱  (1.2.5.6.11.13.)<br/>감자튀김*치즈소스  (1.2.5.6.12.13.15.16.)<br/>김치(명호)  (9.)<br/>양송이스프(안)  (2.5.6.13.15.16.),20220905
부산광역시,명호고등학교,팥찰밥  (5.)<br/>쇠고기미역국1  (5.6.16.)<br/>돼지갈비찜(감자/밤/표고)  (5.6.10.13.)<br/>김가루청포묵무침(a)*  (5.6.)<br/>오징어미나리무침  (5.6.13.17.)<br/>김치(명호)  (9.)<br/>초코케이크  (1.2.5.6.),20220907
부산광역시,명호고등학교,잔치국수*  (1.5.6.9.18.)<br/>셀프충무김밥1  (1.5.6.9.13.17.18.)<br/>고구마맛탕1  (5.6.13.)<br/>석박지(영양량)  (9.)<br/>식혜  <br/>약과  (1.5.6.),20220908
부산광역시,명호고등학교,현미밥  <br/>단배추된장국(안)  (5.6.)<br/>치커리오이무침  (5.6.13.)<br/>돈육고추장불고기*  (5.6.10.13.)<br/>연어구이  (2.5.6.12.13.)<br/>김치(명호)  (9.)<br/>어니언소스  (1.2.5.6.16.18.),20220913
부산광역시,명호고등학교,혼합15곡잡곡밥(추천)  (5.)<br/>닭다리칼국수  (5.6.15.)<br/>삼색나물*  (5.6.)<br/>아몬드멸치볶음1  (4.5.6.13.14.)<br/>율밤떡갈비  (1.2.5.6.10.12.15.16.18.)<br/>김치(명호)  (9.)<br/>파인애플쥬스  (13.),20220914
부산광역시,명호고등학교,기장밥1  <br/>꼬지어묵탕  (1.5.6.13.)<br/>모듬콩조림18  (4.5.6.13.)<br/>온두부*  (5.6.)<br/>분모자간장찜닭  (2.5.6.7.8.13.15.16.18.)<br/>볶음김치  (5.6.9.),20220915
부산광역시,명호고등학교,*콩나물밥  (5.6.)<br/>양념장  (5.6.)<br/>감자옹심이국*  (2.5.6.15.)<br/>지파이  (5.6.15.)<br/>김치(명호)  (9.)<br/>황도토마토절임  (11.12.),20220916
부산광역시,명호고등학교,찰보리밥  <br/>육개장(안)  (5.6.16.)<br/>돈육두부조림  (5.6.10.13.)<br/>훈제오리고기*소스*  (1.2.5.6.)<br/>도토리묵채소무침(a)  (5.6.13.)<br/>김치(명호)  (9.),20220920
부산광역시,명호고등학교,차수수밥  <br/>돈육순두부찌개  (5.6.9.10.13.17.18.)<br/>미역줄기볶음1  <br/>달걀말이*  (1.13.)<br/>돈까스유린기  (1.5.6.10.13.18.)<br/>깍두기(명호)  (9.),20220921
부산광역시,명호고등학교,로제스파게티  (1.2.5.6.9.10.12.13.16.)<br/>칠리핫도그  (1.2.5.6.10.13.15.16.)<br/>리코타치즈샐러드  (2.12.13.)<br/>오이피클9봉  (13.)<br/>딸기우유  (2.),20220922
부산광역시,명호고등학교,잡채밥(자장)  (1.2.5.6.10.13.15.16.18.)<br/>만두국1  (1.5.6.10.16.18.)<br/>양배추겉절이  (5.6.13.)<br/>소떡소떡  (1.2.3.5.6.10.12.15.16.18.)<br/>단무지  (13.)<br/>골드파인애플바/생과  ,20220923
부산광역시,명호고등학교,현미밥  <br/>들깨수제비국  (5.6.9.)<br/>오이무침*  (5.6.13.)<br/>콩나물불고기  (5.6.10.13.16.18.)<br/>고등어구이  (7.13.)<br/>김치(명호)  (9.),20220926
부산광역시,명호고등학교,고기짬뽕  (2.5.6.9.10.13.15.16.17.18.)<br/>후르츠탕수육  (1.2.5.6.10.11.12.13.16.18.)<br/>단무지  (13.)<br/>짜먹는요구르트(포/딸)  (2.)<br/>오렌지  ,20220927
부산광역시,명호고등학교,들깨무채국1  (5.6.)<br/>제육생채소비빔밥  (5.6.10.13.)<br/>핫도그(오븐)  (1.2.5.6.10.12.15.16.)<br/>김치(명호)  (9.)<br/>마카롱  (1.2.6.),20220928
부산광역시,명호고등학교,찰보리밥  <br/>등뼈감자탕*  (5.6.9.10.13.)<br/>실곤약무침(안)  (5.6.13.)<br/>꽈리고추어묵볶음  (1.5.6.13.)<br/>오징어김치전(안)  (5.6.9.17.)<br/>김치(명호)  (9.),20220929
부산광역시,명호고등학교,혼합15곡잡곡밥(추천)  (5.)<br/>닭곰탕*당면*  (5.6.10.13.15.)<br/>*부추겉절이(연)  (5.6.13.)<br/>코다리칠리강정  (1.5.6.12.13.)<br/>김치(명호)  (9.)<br/>딸기쨈파이  (1.2.5.6.),20220930
부산광역시,명호고등학교,기장밥1  <br/>돼지고기김치찌개1  (5.6.9.10.)<br/>아귀해물찜  (5.9.13.)<br/>쑥갓두부무침1  (5.)<br/>언양식반달불고기  (1.2.5.6.10.12.15.16.)<br/>골라먹는과일젤리  <br/>깍두기(명호)  (9.),20221004
부산광역시,명호고등학교,중화비빔밥  (5.6.12.13.18.)<br/>미니우동  (1.2.5.6.9.)<br/>꼬들단무지  <br/>계란후라이  (1.)<br/>멘보샤  (1.5.6.9.12.13.)<br/>과일(키위)  ,20221005
부산광역시,명호고등학교,혼합15곡잡곡밥(추천)  (5.)<br/>한우곰탕*당면*  (16.)<br/>새우젓달걀찜  (1.9.)<br/>*부추겉절이(연)  (13.)<br/>생선까스  (1.5.6.)<br/>김치(명호)  (9.)<br/>구슬아이스크림  (1.2.5.),20221006
부산광역시,명호고등학교,목살볶음밥(안)*  (1.2.5.6.10.13.15.16.18.)<br/>옥수수크림스프  (1.2.5.6.13.16.)<br/>양상추샐러드  (12.)<br/>고구마치즈돈가스  (1.2.5.6.10.)<br/>웨지감자구이(수제)*  <br/>김치(명호)  (9.)<br/>블루베리드레싱  (2.13.)<br/>생크림케이크  (1.2.5.6.),20221007
부산광역시,명호고등학교,김밥(1줄)  (1.2.5.6.10.15.16.)<br/>꼬지어묵탕  (1.5.6.13.)<br/>떡볶이*  (1.5.6.13.)<br/>만두튀김  (1.5.6.10.16.18.)<br/>김치(명호)  (9.),20221012
부산광역시,명호고등학교,찰보리밥  <br/>단배추된장국(안)  (5.6.)<br/>삼색나물*  (5.6.)<br/>햄구이  (1.2.5.6.10.)<br/>마요치킨  (1.5.6.15.)<br/>김치(명호)  (9.)<br/>케첩  (12.),20221017
부산광역시,명호고등학교,팥찰밥  (5.)<br/>들깨미역국  (5.6.)<br/>돼지갈비찜(단호박)  (5.6.10.13.18.)<br/>송편  <br/>미나리무생채  (5.6.13.)<br/>파프리카잡채  (1.5.6.13.)<br/>김치(명호)  (9.),20221018
부산광역시,명호고등학교,자장면(1/2)  (2.5.6.13.16.18.)<br/>해물짬뽕국(1/2)  (5.6.9.13.17.18.)<br/>꼬들단무지  <br/>유린기  (1.2.5.6.10.13.15.18.)<br/>과일에이드  ,20221019
부산광역시,명호고등학교,차수수밥  <br/>팽이버섯된장국(표준)  (5.6.)<br/>돈육메추리알장조림*  (1.5.6.10.13.)<br/>도라지일미무침1  (5.6.13.17.)<br/>치즈달걀말이  (1.2.5.6.13.)<br/>김치(명호)  (9.)<br/>크로플*메이플시럽  (1.2.5.6.13.),20221020
부산광역시,명호고등학교,나물비빔밥  (5.6.13.16.)<br/>미소팽이장국  (5.6.)<br/>계란후라이  (1.)<br/>호떡  (1.2.5.6.)<br/>김치(명호)  (9.)<br/>약고추장(채식)  (5.6.13.)<br/>망고주스  (13.),20221021
부산광역시,명호고등학교,혼합15곡잡곡밥(추천)  (5.)<br/>짬뽕순두부찌개  (5.6.9.13.18.)<br/>새송이호박볶음*  (5.6.9.)<br/>고등어구이  (7.13.)<br/>미트볼리가토니(토마토)  (1.2.5.6.10.12.13.15.16.)<br/>깍두기(명호)  (9.),20221024
부산광역시,명호고등학교,검정쌀밥1  <br/>부대찌개*  (1.2.5.6.9.10.12.13.15.16.)<br/>오이무침*  (13.)<br/>김&참치소스(참치쌈밥a)  (1.5.13.)<br/>동그랑땡구이  (1.5.6.10.12.15.16.)<br/>깍두기(명호)  (9.),20221025
부산광역시,명호고등학교,순대돼지국밥*  (2.5.6.9.10.13.16.)<br/>아삭고추된장무침(연)  (5.6.)<br/>*부추겉절이(연)  (13.)<br/>오징어김치전(안)  (5.6.9.17.)<br/>석박지(영양량)  (9.)<br/>떠먹는요구르트(저당)  (2.),20221026
부산광역시,명호고등학교,현미밥  <br/>양념장  (5.6.)<br/>들깨수제비국  (5.6.9.)<br/>연두부  (5.)<br/>김치찜닭  (5.6.9.13.15.)<br/>명태살어묵전  (1.5.6.)<br/>과일(사과)  <br/>깍두기(명호)  (9.),20221027
부산광역시,명호고등학교,스팸마요덮밥(a)  (1.2.5.6.10.13.15.16.)<br/>단배추된장국(안)  (5.6.)<br/>칠리새우  (1.5.6.9.12.13.)<br/>김치(명호)  (9.)<br/>파인애플쥬스  (13.),20221028
부산광역시,명호고등학교,새우버거  (1.2.5.6.9.12.13.)<br/>닭다리삼계죽  (15.)<br/>감자튀김*케첩  (5.6.12.)<br/>김치(명호)  (9.)<br/>흰우유  (2.),20221031
부산광역시,명호고등학교,컵스프  (1.2.5.6.16.)<br/>상하이스파게티  (1.2.5.6.9.10.12.13.15.16.18.)<br/>치킨샐러드*  (1.2.5.6.13.15.18.)<br/>오이피클9봉  (13.),20221101
부산광역시,명호고등학교,돈육카레라이스(a)  (2.5.6.10.12.13.15.16.18.)<br/>오이무침*  (13.)<br/>김치(명호)  (9.)<br/>딸기버블라떼  (2.13.)<br/>햄치즈샌드위치  (1.2.5.6.10.),20221102
부산광역시,명호고등학교,김치볶음밥  (9.10.)<br/>단배추들깨시락국1  (5.6.)<br/>바질크림떡볶이  (1.2.5.6.10.13.15.16.)<br/>미니돈가스*소스(a)  (1.2.5.6.10.12.13.16.18.)<br/>김치(명호)  (9.)<br/>요구르트  (2.),20221104
부산광역시,명호고등학교,백미밥  <br/>아욱된장국1  (5.6.9.)<br/>열대과일샐러드  (1.2.5.6.11.13.)<br/>감자튀김*치즈소스  (1.2.5.6.12.13.)<br/>멘츠카츠*소스  (1.2.5.6.10.12.15.16.)<br/>김치(명호)  (9.),20221107
부산광역시,명호고등학교,혼합15곡잡곡밥(추천)  (5.)<br/>닭다리삼계탕  (15.)<br/>느타리잔파초무침  (5.6.)<br/>볶음쌀국수(팟타이)  (1.4.5.6.9.13.18.)<br/>노란호박전  (5.6.13.)<br/>김치(명호)  (9.),20221108
부산광역시,명호고등학교,백미밥  <br/>우동장국1  (1.2.5.6.8.9.13.16.18.)<br/>건파래볶음1  (13.)<br/>국물떡볶이  (1.2.5.6.12.13.16.18.)<br/>김말이  (1.5.6.16.)<br/>만두튀김  (1.5.6.10.16.18.)<br/>김치(명호)  (9.)<br/>하루견과  (2.4.14.19.),20221109
부산광역시,명호고등학교,현미밥  <br/>김치콩나물국1  (5.6.9.)<br/>삼치무조림  (5.6.13.)<br/>브로콜리숙회&초장  (5.6.13.)<br/>두부담은찰도그롤  (1.2.5.6.9.10.15.16.18.)<br/>에그타르트18  (1.2.5.6.)<br/>깍두기(명호)  (9.),20221110
부산광역시,명호고등학교,장어데리야끼덮밥  (1.5.6.13.)<br/>미소팽이장국  (5.6.)<br/>김치(명호)  (9.)<br/>크림치즈찰떡  (2.5.)<br/>감귤샐러드  (2.11.)<br/>홍삼주스  ,20221111
부산광역시,명호고등학교,자장면(주식)  (1.2.5.6.12.13.16.18.)<br/>중국식오이무침  (5.6.13.18.)<br/>크림/칠리새우  (1.2.5.6.9.12.13.)<br/>단무지  (13.)<br/>골드파인애플바/생과  ,20221118
부산광역시,명호고등학교,추억의도시락(비엔나)  (1.2.5.6.9.10.15.16.)<br/>들깨무채국1  (5.6.)<br/>오란다  (1.2.5.6.)<br/>깍두기(명호)  (9.),20221121
부산광역시,명호고등학교,병아리콩밥  <br/>북어달걀국  (1.5.6.)<br/>김가루청포묵무침(a)*  (5.6.)<br/>오리수제비불고기*  (5.6.13.)<br/>오징어먹물까스  (1.5.6.17.)<br/>김치(명호)  (9.),20221122
부산광역시,명호고등학교,백미밥  <br/>*돼지국밥(소면)  (2.5.6.9.10.13.16.)<br/>아삭고추된장무침(연)  (5.6.)<br/>부추겉절이*  (5.6.13.)<br/>미니붕어빵  (1.2.5.6.)<br/>깍두기(명호)  (9.),20221123
부산광역시,명호고등학교,팥찰밥  (5.)<br/>바지락미역국*  (5.6.18.)<br/>돼지갈비찜(감자/밤/표고)  (5.6.10.13.)<br/>파프리카잡채  (1.5.6.13.)<br/>새송이호박볶음*  (5.6.9.)<br/>김치(명호)  (9.)<br/>생크림케이크  (1.2.5.6.),20221124
부산광역시,명호고등학교,백미밥  <br/>짬뽕수제비(a)  (5.6.9.13.17.18.)<br/>닭볶음탕  (5.6.13.15.)<br/>봄동겉절이  (13.)<br/>오징어부추전*  (6.17.)<br/>김치(명호)  (9.),20221128
부산광역시,명호고등학교,검정쌀밥1  <br/>비빔칼국수  (5.6.12.13.)<br/>시래기콩나물된장국  (5.6.8.9.)<br/>통곡물멸치볶음  (5.6.13.)<br/>돈육김치볶음  (5.6.9.10.13.)<br/>김치(명호)  (9.),20221129
부산광역시,명호고등학교,잔치국수*  (1.5.6.9.18.)<br/>치킨또띠아*  (1.2.5.6.15.18.)<br/>포도주스  (13.)<br/>깍두기(명호)  (9.),20221130
부산광역시,명호고등학교,현미밥  <br/>육개장(안)  (5.6.16.)<br/>미트볼떡조림*  (1.2.5.6.10.12.13.15.16.18.)<br/>오이무침*  (13.)<br/>달고기버터구이  <br/>김치(명호)  (9.)<br/>단감  ,20221201
부산광역시,명호고등학교,닭다리칼국수  (5.6.15.)<br/>갈비만두&초간장  (1.5.6.10.13.16.18.)<br/>셀프충무김밥1  (1.5.6.9.13.17.18.)<br/>배추겉절이  (13.),20221202
부산광역시,명호고등학교,혼합15곡잡곡밥(추천)  (5.)<br/>맑은동태탕  (5.6.9.)<br/>분모자간장찜닭  (2.5.6.8.13.15.16.18.)<br/>느타리잔파초무침  (5.6.)<br/>달고기두부전  (5.)<br/>김치(명호)  (9.)<br/>요구르트  (2.),20221205
부산광역시,명호고등학교,기장밥1  <br/>김치어묵탕  (1.5.6.9.)<br/>겨울초무침  (13.)<br/>오리불고기(느타리/떡)  (5.6.13.)<br/>생선까스  (1.5.6.)<br/>김치(명호)  (9.)<br/>수제타르소스(a)*  (1.5.)<br/>오렌지  ,20221206
부산광역시,명호고등학교,*산채비빔밥*약고추장  (5.6.16.)<br/>배추된장국  (5.6.18.)<br/>계란후라이  (1.)<br/>고구마떡맛탕1  (5.6.13.)<br/>망고황도요거트샐러드(a)  (2.11.)<br/>깍두기(명호)  (9.),20221207
부산광역시,명호고등학교,차조밥  <br/>수제비감자탕  (5.6.9.10.13.)<br/>미나리무생채  (5.6.13.)<br/>오징어김치전(안)  (5.6.9.17.)<br/>만두튀김&비빔채소  (1.5.6.10.13.16.18.)<br/>깍두기(명호)  (9.),20221208
부산광역시,명호고등학교,햄야채볶음밥*  (1.2.5.6.10.13.15.16.18.)<br/>매운중국식짬뽕탕  (1.2.5.6.10.12.13.15.16.18.)<br/>양배추겉절이  (5.6.13.)<br/>한입꿔바로우  (1.5.6.10.)<br/>단무지  (13.)<br/>배맛주스  (13.),20221209
부산광역시,명호고등학교,백미밥  <br/>우동장국1  (1.2.5.6.8.9.13.16.18.)<br/>김&참치소스(참치쌈밥a)  (1.5.13.)<br/>로제떡볶이  (2.5.6.10.13.15.16.)<br/>오징어튀김(1)  (1.5.6.17.)<br/>고추튀김(1)  (1.5.6.10.18.)<br/>김치(명호)  (9.),20221212
부산광역시,명호고등학교,몬테크리스토(수제)  (1.2.5.6.10.13.)<br/>돈육카레라이스(a)  (2.5.6.10.12.13.16.18.)<br/>유부장국  (5.6.)<br/>오리엔탈샐러드  (2.5.6.10.12.)<br/>김치(명호)  (9.),20221213
부산광역시,명호고등학교,떡갈비마요덮밥  (1.5.6.10.13.15.16.18.)<br/>도넛  (1.2.5.6.)<br/>들깨무채국1  (5.6.)<br/>양상추샐러드  (12.)<br/>김치(명호)  (9.)<br/>유자드레싱  (2.13.),20221214
부산광역시,명호고등학교,1/2백미밥+김가루  <br/>잔치국수*  (1.5.6.9.18.)<br/>양념장  (5.6.)<br/>닭강정*샌드위치  (1.2.5.6.12.13.15.)<br/>석박지(영양량)  (9.)<br/>초코우유  (2.),20221215
부산광역시,명호고등학교,혼합15곡잡곡밥(추천)  (5.)<br/>돼지고기김치찌개1  (5.6.9.10.)<br/>도라지일미무침1  (5.6.13.17.)<br/>샐러드우동(a)  (5.6.7.9.12.13.18.)<br/>돈가스  (1.2.5.6.10.)<br/>김치(명호)  (9.)<br/>돈가스소스(수제)*  (1.2.5.6.11.12.13.16.18.)<br/>짜먹는요구르트(포)  (2.)<br/>깍두기(명호)  (9.),20221219
부산광역시,명호고등학교,검정쌀밥1  <br/>도토리묵국*양념장(a)  (9.)<br/>춘천닭갈비(깻잎순a)  (5.6.13.15.)<br/>오이양파절임  <br/>옥수수치즈구이  (1.2.5.13.)<br/>깍두기(명호)  (9.),20221220
부산광역시,명호고등학교,백미밥  <br/>순대돼지국밥*  (2.5.6.9.10.13.16.)<br/>구슬떡  <br/>부추겉절이*  (5.6.13.)<br/>해물파전  (1.5.6.9.13.17.18.)<br/>귤1  <br/>깍두기(명호)  (9.),20221221
부산광역시,명호고등학교,백미밥  <br/>단팥죽(주찬)  (13.)<br/>맑은콩나물국  (5.6.)<br/>돈육고추장불고기*  (5.6.10.13.)<br/>비엔나떡볶음  (2.5.6.10.12.13.15.16.)<br/>나박김치  (9.)<br/>요구르트  (2.),20221222
부산광역시,명호고등학교,크루통크림스프  (1.2.5.6.13.16.)<br/>토마토스파게티*  (1.2.5.6.10.12.13.15.16.)<br/>치킨샐러드*  (1.2.5.6.13.15.18.)<br/>오이피클9봉  (13.)<br/>초코케이크  (1.2.5.6.)<br/>과일에이드  ,20221223
부산광역시,명호고등학교,팥찰밥  (5.)<br/>바지락미역국*  (5.6.18.)<br/>돼지갈비찜(감자/밤/표고)  (5.6.10.13.)<br/>온두부*  (5.)<br/>볶음김치  (9.)<br/>돈육잡채*  (1.5.6.10.13.)<br/>초코칩쿠키  (1.2.5.6.),20221226
부산광역시,명호고등학교,시리얼*우유  (2.5.6.)<br/>쇠고기양송이죽(부식)  (16.)<br/>치킨버거  (1.2.5.6.10.12.15.16.)<br/>감자튀김*케첩  (5.6.12.),20221227
부산광역시,명호고등학교,네모유부초밥  (5.16.)<br/>온메밀국수  (3.5.6.7.13.18.)<br/>타코야끼  (1.2.5.6.13.)<br/>단무지  (13.)<br/>아이스크림1  (1.2.5.),20221228
부산광역시,명호고등학교,팥찰밥  (5.)<br/>떡국(주식)1  (1.16.)<br/>돼지갈비찜(단호박)  (5.6.10.13.18.)<br/>김가루청포묵무침(a)*  (5.6.)<br/>파프리카잡채  (1.5.6.13.)<br/>김치(명호)  (9.),20230202
부산광역시,명호고등학교,백미밥  <br/>순대돼지국밥*  (2.5.6.9.10.13.16.)<br/>아삭고추된장무침(연)  (5.6.)<br/>부추겉절이*  (5.6.13.)<br/>오징어김치전(안)  (5.6.9.17.)<br/>석박지(영양량)  (9.)<br/>딸기  ,20230203
부산광역시,명호고등학교,백미밥  <br/>돼지고기김치찌개1  (5.6.9.10.)<br/>김&참치소스(참치쌈밥a)  (1.5.13.)<br/>누들떡볶이*  (1.5.6.13.)<br/>김말이  (1.5.6.16.)<br/>귤1  <br/>깍두기(명호)  (9.),20230206
부산광역시,명호고등학교,훈제오리볶음밥  (5.6.13.18.)<br/>큐브치즈샐러드  (2.12.13.)<br/>고구마치즈돈가스  (1.2.5.6.10.)<br/>웨지감자구이(수제)*  <br/>김치(명호)  (9.)<br/>골라먹는과일젤리  <br/>양송이스프(안)  (2.5.6.13.16.),20230207
부산광역시,명호고등학교,자장면(주식)  (1.2.5.6.12.13.16.18.)<br/>찐만두  (1.5.6.10.16.18.)<br/>양배추겉절이  (5.6.13.)<br/>단무지  (13.)<br/>골드파인애플바/생과  ,20230208
부산광역시,명호고등학교,팥찰밥  (5.)<br/>쇠고기미역국1  (5.6.16.)<br/>돼지갈비찜(감자/밤/표고)  (2.5.6.10.13.18.)<br/>온두부*  (5.6.)<br/>볶음김치  (5.6.9.)<br/>파프리카잡채  (1.5.6.7.8.13.18.)<br/>사과맛요거트  (2.5.),20230302
부산광역시,명호고등학교,백미밥  <br/>순대돼지국밥*  (2.5.6.9.10.13.16.)<br/>아삭고추된장무침(연)  (5.6.)<br/>부추겉절이*  (5.6.)<br/>오징어김치전(안)  (5.6.9.17.)<br/>딸기  <br/>깍두기(명호)  (9.),20230303
부산광역시,명호고등학교,현미밥  <br/>김치콩나물국1  (5.6.9.)<br/>김&참치소스(참치쌈밥a)  (1.2.5.6.13.18.)<br/>떡볶이*  (1.2.5.6.13.17.18.)<br/>김말이튀김(1)  (1.5.6.16.)<br/>깍두기(명호)  (9.),20230306
부산광역시,명호고등학교,기장밥1  <br/>닭곰탕*당면*  (5.6.15.)<br/>깻잎김치(담금)  (5.6.18.)<br/>비엔나떡볶음  (2.5.6.10.12.13.15.16.)<br/>피쉬*칩스  (1.5.6.)<br/>김치(명호)  (9.)<br/>오렌지  ,20230307
부산광역시,명호고등학교,추가밥/김가루  <br/>잔치국수*  (1.5.6.9.18.)<br/>만두튀김&비빔채소  (1.5.6.10.13.16.18.)<br/>토핑요거트  (2.5.)<br/>깍두기(명호)  (9.),20230308
부산광역시,명호고등학교,차조밥  <br/>순두부백탕(바지락)  (5.6.9.13.18.)<br/>참나물겉절이  (5.6.)<br/>콩나물불고기  (1.5.6.7.10.18.)<br/>미트볼치즈구이*  (1.2.5.6.10.12.15.16.)<br/>김치(명호)  (9.),20230309
부산광역시,명호고등학교,추억의도시락(소시지)  (1.2.5.6.9.10.15.16.18.)<br/>들깨무채국1  (5.6.)<br/>고구마파이  (1.2.5.6.)<br/>깍두기(명호)  (9.),20230310
부산광역시,명호고등학교,검정쌀밥1  <br/>돼지고기김치찌개1  (5.6.9.10.)<br/>분모자간장찜닭  (2.5.6.8.13.18.)<br/>단배추된장나물  (5.6.)<br/>고등어구이  (1.2.5.6.7.13.18.)<br/>깍두기(명호)  (9.),20230313
부산광역시,명호고등학교,토마토스파게티*  (1.2.5.6.10.12.13.15.16.)<br/>미니불고기버거  (1.2.5.6.10.12.13.)<br/>과일리코타치즈샐러드  (2.5.6.11.12.13.)<br/>감자튀김*케첩  (5.6.12.)<br/>오이피클9봉  (13.)<br/>포도주스  (13.),20230314
부산광역시,명호고등학교,소보루덮밥(채식)  (1.5.9.10.)<br/>우동장국1  (1.2.5.6.8.9.13.16.18.)<br/>핫도그(오븐)  (1.2.5.6.10.12.15.16.)<br/>케첩  (12.)<br/>깍두기(명호)  (9.),20230315
부산광역시,명호고등학교,현미밥  <br/>쇠고기무국1  (5.6.16.)<br/>돌나물초무침(a)  (5.6.)<br/>코다리떡강정  (1.5.6.12.18.)<br/>소시지구이&머스타드소스(선*)  (1.2.5.6.10.15.16.)<br/>김치(명호)  (9.)<br/>과일(사과)  ,20230316
부산광역시,명호고등학교,백미밥  <br/>녹두삼계탕1  (5.6.15.)<br/>오이무침*  (5.6.)<br/>고구마맛탕1  (5.6.)<br/>동그랑땡구이  (1.2.5.6.10.12.18.)<br/>김치(명호)  (9.)<br/>요구르트  (2.5.),20230317
부산광역시,명호고등학교,곤드레콩나물밥/양념장1  (5.6.)<br/>김치어묵탕  (1.5.6.9.18.)<br/>연근조림  (5.6.)<br/>얼갈이겉절이  (5.6.9.18.)<br/>회오리감자  (1.3.4.5.6.13.)<br/>깍두기(명호)  (9.),20230320
부산광역시,명호고등학교,혼합15곡잡곡밥(추천)  (5.)<br/>달래양념장  (5.6.)<br/>시금치된장국1  (5.6.)<br/>연두부  (5.)<br/>오리불고기(느타리/떡)  (1.5.6.8.18.)<br/>미니돈가스*소스(a)  (2.5.6.10.12.16.18.)<br/>김치(명호)  (9.)<br/>무쌈  (13.),20230321
부산광역시,명호고등학교,잡채밥18  (1.5.6.10.13.)<br/>잡채밥(자장)  (1.2.5.6.7.9.10.13.16.18.)<br/>잔파계란국  (1.5.6.)<br/>소떡소떡  (1.2.5.6.10.12.13.15.16.18.)<br/>단무지  (13.)<br/>골드파인애플바/생과  ,20230322
부산광역시,명호고등학교,검정콩밥  (5.)<br/>등뼈감자탕*  (5.6.9.10.)<br/>메추리알곤약조림  (1.5.6.13.)<br/>함박구이*소스  (1.2.5.6.10.12.13.15.16.18.)<br/>김가루청포묵무침(a)*  (5.6.)<br/>김치(명호)  (9.)<br/>사과주스  (13.),20230323
부산광역시,명호고등학교,떡갈비생채소비빔밥  (2.5.6.7.10.13.16.18.)<br/>감자옹심이국*  (5.6.10.)<br/>탕수만두(만두추가a)  (1.2.10.12.13.18.)<br/>김치(명호)  (9.)<br/>약고추장(쇠)  (5.6.16.)<br/>마카롱  (1.2.3.5.6.),20230324
부산광역시,명호고등학교,백미밥  <br/>알감자조림1  (5.6.)<br/>도라지일미무침1  (5.6.17.18.)<br/>치즈돈가스  (1.2.5.6.10.12.13.16.18.)<br/>김치(명호)  (9.)<br/>양송이스프(안)  (1.2.5.6.13.16.18.),20230327
부산광역시,명호고등학교,검정쌀밥1  <br/>양념장  (5.6.)<br/>맑은동태탕  (5.6.9.)<br/>새송이호박볶음*  (5.6.9.)<br/>닭강정*  (1.2.4.5.6.12.13.15.16.)<br/>두부구이(안)  (5.6.)<br/>젤리  (10.12.13.)<br/>깍두기(명호)  (9.),20230328
부산광역시,명호고등학교,백미밥  <br/>낙지새우비빔밥  (1.5.6.7.8.9.13.16.17.18.)<br/>들깨무채국1  (5.6.)<br/>옥수수치즈구이  (1.2.5.13.)<br/>김치(명호)  (9.)<br/>황도토마토절임  (11.12.),20230329
부산광역시,명호고등학교,현미밥  <br/>비빔쫄면  (5.6.12.13.)<br/>냉이된장국  (5.6.)<br/>수육  (5.6.10.)<br/>옥수수달걀찜  (1.5.6.13.)<br/>찜순대  (2.5.6.10.13.16.18.)<br/>김치(명호)  (9.)<br/>쌈장  (5.6.13.),20230330
부산광역시,명호고등학교,백미밥  <br/>닭칼국수  (1.2.3.5.6.15.18.)<br/>찐만두  (1.5.6.10.)<br/>오징어어묵무침*도시락김  (1.5.6.7.8.17.)<br/>배추겉절이  (5.6.9.18.)<br/>초간장  (5.6.),20230331
부산광역시,명호고등학교,검정쌀밥1  <br/>단배추들깨시락국1  (5.6.)<br/>돈육장조림  (2.5.6.9.10.13.)<br/>도토리묵*양념장  (5.6.13.)<br/>김치전  (1.2.6.9.18.)<br/>크로플*메이플시럽  (1.2.5.6.13.)<br/>깍두기(명호)  (9.),20230403
부산광역시,명호고등학교,기장밥1  <br/>만두국1  (1.5.6.10.16.18.)<br/>고추장찜닭  (2.5.6.8.13.15.16.18.)<br/>세발나물무침  (5.6.)<br/>방울어묵볶음(안)  (1.5.6.7.9.13.)<br/>김치(명호)  (9.),20230404
부산광역시,명호고등학교,나물비빔밥  (5.6.13.)<br/>들깨무채국1  (5.6.)<br/>계란후라이  (1.6.)<br/>벌집감자튀김  (5.6.)<br/>김치(명호)  (9.)<br/>약고추장(채식)  (5.6.13.)<br/>사과주스  (13.),20230405
부산광역시,명호고등학교,현미밥  <br/>쑥국  (5.6.18.)<br/>돈육고추장불고기*  (2.5.6.10.12.13.)<br/>피쉬*칩스  (1.2.5.6.13.)<br/>김*양념장  (5.6.)<br/>김치(명호)  (9.)<br/>떠먹는요구르트(저당)  (2.),20230406
부산광역시,명호고등학교,백미밥  <br/>순대돼지국밥*  (1.2.5.6.9.10.13.16.18.)<br/>아삭고추된장무침(연)  (5.6.)<br/>*부추겉절이(연)  (5.9.)<br/>고구마맛탕1  (5.6.13.)<br/>석박지(영양량)  (9.)<br/>딸기  ,20230407
부산광역시,명호고등학교,차조밥  <br/>부대찌개*  (1.2.5.6.9.10.12.13.15.16.18.)<br/>해물볶음우동*  (2.5.6.8.9.13.17.18.)<br/>감자채볶음(안)  (5.6.)<br/>납작만두&비빔채소  (1.5.6.13.)<br/>짜먹는요구르트(포)  (2.)<br/>깍두기(명호)  (9.),20230410
부산광역시,명호고등학교,팥찰밥  (5.)<br/>새알미역국  (5.6.)<br/>돼지갈비찜(감자/밤/표고)  (2.5.6.10.12.13.)<br/>삼색묵김가루무침  (1.2.5.6.)<br/>조기구이  (5.6.)<br/>김치(명호)  (9.)<br/>쑥절편  (2.3.5.6.13.),20230411
부산광역시,명호고등학교,백미밥  <br/>두부된장국  (5.6.18.)<br/>제육생채소비빔밥  (2.5.6.10.12.13.)<br/>회오리핫도그  (1.2.5.6.9.10.12.13.15.16.18.)<br/>김치(명호)  (9.)<br/>망고황도요거트샐러드(a)  (2.11.12.),20230412
부산광역시,명호고등학교,렌틸콩밥  (5.)<br/>맑은콩나물국  (5.6.)<br/>안동찜닭*납작당면  (2.5.6.12.13.15.)<br/>다시마채무침  (5.9.18.)<br/>소시지구이&머스타드소스(선*)  (1.2.5.6.10.15.16.)<br/>김치(명호)  (9.),20230413
부산광역시,명호고등학교,자장면(주식)  (1.2.5.6.12.13.16.18.)<br/>갈비만두&초간장  (1.5.6.9.10.16.18.)<br/>후르츠탕수육  (5.6.10.11.12.13.16.18.)<br/>단무지  (13.)<br/>골드파인애플바/생과  ,20230414
부산광역시,명호고등학교,혼합15곡잡곡밥(추천)  (5.)<br/>참치김치찌개(안)  (5.6.9.18.)<br/>치즈닭갈비  (2.5.6.12.13.15.)<br/>새우젓달걀찜  (1.2.5.9.18.)<br/>미나리무생채  (5.6.18.)<br/>요구르트  (2.)<br/>깍두기(명호)  (9.),20230417
부산광역시,명호고등학교,기장밥1  <br/>육개장(안)  (5.6.16.)<br/>대파채겉절이(레몬)  (5.6.)<br/>마늘쫑건새우볶음(추천)  (5.6.9.13.)<br/>삼색잡채*  (1.5.6.10.13.18.)<br/>너비아니  (5.6.10.)<br/>김치(명호)  (9.),20230418
부산광역시,명호고등학교,크림스파게티(안)  (1.2.5.6.10.13.16.18.)<br/>치킨샐러드*  (1.2.5.6.13.15.18.)<br/>웨지감자구이(수제)*  (5.6.12.)<br/>오이피클9봉  (13.)<br/>레몬에이드(완)  ,20230419
부산광역시,명호고등학교,율무밥1  <br/>닭곰탕*당면*  (5.6.15.)<br/>시금치나물  (5.6.)<br/>비엔나떡볶음  (2.5.6.10.12.13.15.16.)<br/>고등어양념구이  (5.6.7.13.18.)<br/>김치(명호)  (9.),20230420
부산광역시,명호고등학교,*콩나물밥  (5.6.)<br/>양념장  (5.6.)<br/>감자옹심이국*  (5.6.)<br/>콩조림*  (5.6.)<br/>쌈추겉절이  (5.6.)<br/>치즈핫도그  (1.2.5.6.16.)<br/>김치(명호)  (9.)<br/>과일(사과)  ,20230421
부산광역시,명호고등학교,백미밥  <br/>옥수수크림스프  (1.2.5.6.13.16.)<br/>샐러드파스타  (1.2.5.6.7.12.13.18.)<br/>달걀말이*  (1.5.12.18.)<br/>고구마치즈돈가스  (1.2.5.6.10.12.15.16.18.)<br/>돈까스소스  (5.6.12.13.18.)<br/>김치(명호)  (9.)<br/>케첩  (12.)<br/>하루견과  (2.3.4.14.19.),20230424
부산광역시,명호고등학교,1/2백미밥+김가루  <br/>꼬지어묵탕  (1.5.6.13.)<br/>국물떡볶이  (1.2.5.6.12.13.16.17.18.)<br/>만두튀김  (5.6.)<br/>김말이튀김(1)  (1.5.6.)<br/>단호박튀김  (5.6.)<br/>김치(명호)  (9.)<br/>비타민음료  (5.13.),20230425
부산광역시,명호고등학교,돈육카레라이스(a)  (2.5.6.10.12.13.15.16.18.)<br/>건새우콩나물국(안)  (5.6.9.)<br/>오리엔탈샐러드  (2.5.6.10.12.18.)<br/>닭강정*  (1.5.6.12.13.15.18.)<br/>김치(명호)  (9.)<br/>아이스크림1  (1.2.5.),20230426
부산광역시,명호고등학교,토마토스파게티*  (1.2.5.6.10.12.13.15.16.18.)<br/>불고기퀘사디아  (1.2.6.10.12.13.)<br/>오이피클9봉  (13.)<br/>초코우유  (2.5.)<br/>망고요거트샐러드(a)  (1.2.5.6.11.),20230427
부산광역시,명호고등학교,현미밥  <br/>양념장  (5.6.)<br/>등뼈감자탕*  (5.6.9.10.)<br/>연두부  (5.)<br/>실곤약무침(안)  (5.6.13.)<br/>비엔나떡볶음  (2.5.6.10.12.13.15.16.)<br/>김치(명호)  (9.)<br/>초코우유  (2.5.),20230501
부산광역시,명호고등학교,백미밥  <br/>단배추들깨시락국1  (5.6.)<br/>양배추샐러드  (1.5.12.13.)<br/>돈가스  (1.2.5.6.10.)<br/>돈까스소스  (5.6.12.13.18.)<br/>알감자버터구이(안)*  (2.5.)<br/>김치(명호)  (9.)<br/>참깨드레싱  (1.2.5.6.)<br/>요구르트  (2.),20230502
부산광역시,명호고등학교,백미밥  <br/>닭칼국수  (2.5.6.15.18.)<br/>오징어어묵무침*도시락김  (1.5.6.13.17.18.)<br/>핫도그(오븐)  (1.2.5.6.10.12.15.16.)<br/>석박지(영양량)  (9.),20230503
부산광역시,명호고등학교,로제스파게티  (1.2.5.6.9.10.12.13.16.)<br/>치킨또띠아*  (1.2.5.6.15.18.)<br/>토마토치즈샐러드  (1.2.5.6.12.13.)<br/>감자튀김*케첩  (5.6.12.)<br/>오이피클9봉  (13.)<br/>자몽에이드  ,20230504
부산광역시,명호고등학교,백미밥  <br/>꼬지어묵탕  (5.6.)<br/>새우젓달걀찜  (1.5.8.9.)<br/>국물떡볶이  (2.5.6.11.12.16.18.)<br/>김말이튀김(1)  (5.6.16.)<br/>김치(명호)  (9.)<br/>구겔호프  (1.2.5.6.),20230508
부산광역시,명호고등학교,현미밥  <br/>추어탕  (5.6.9.)<br/>미역초무침  (5.6.13.)<br/>만두튀김&비빔채소  (1.5.6.10.16.18.)<br/>소시지구이&머스타드소스(선*)  (1.2.5.6.10.16.)<br/>김치(명호)  (9.)<br/>요구르트  (2.),20230509
부산광역시,명호고등학교,낙지새우비빔밥  (1.2.5.6.9.13.16.17.18.)<br/>블루베리크림치즈베이글  (1.2.5.6.13.16.)<br/>들깨무채국1  (5.6.)<br/>김치(명호)  (9.)<br/>황도토마토절임  (11.12.),20230510
부산광역시,명호고등학교,기장밥1  <br/>감자수제비국  (1.2.5.6.)<br/>온두부*  (5.6.)<br/>분모자간장찜닭  (2.5.6.8.15.16.18.)<br/>느타리잔파초무침  (5.6.)<br/>볶음김치  (9.)<br/>깍두기(명호)  (9.),20230511
부산광역시,명호고등학교,나물비빔밥  (5.6.16.)<br/>팽이장국  (5.6.)<br/>계란후라이  (1.5.6.)<br/>회오리감자  (1.2.5.6.)<br/>김치(명호)  (9.)<br/>약고추장(채식)  (5.6.13.)<br/>식혜  ,20230512
부산광역시,명호고등학교,팥찰밥  (5.)<br/>블루베리케이크  (1.2.5.6.10.13.)<br/>가자미미역국  (5.6.8.18.)<br/>돼지갈비찜(감자/밤/표고)  (2.5.6.10.13.15.18.)<br/>가지나물무침  (5.6.)<br/>돈육잡채*  (1.5.6.10.13.)<br/>김치(명호)  (9.),20230515
부산광역시,명호고등학교,혼합15곡잡곡밥(추천)  (5.)<br/>닭다리삼계탕  (5.6.15.)<br/>오이무침*  (5.6.)<br/>해물볶음우동*  (5.6.7.8.9.13.16.17.18.)<br/>동그랑땡구이  (1.5.6.10.12.15.16.)<br/>김치(명호)  (9.)<br/>케첩  (12.)<br/>요구르트  (2.),20230516
부산광역시,명호고등학교,고기짬뽕  (2.5.6.7.8.9.10.13.17.18.)<br/>찐만두  (1.5.6.9.10.16.18.)<br/>크림/칠리새우  (1.2.5.6.9.12.13.)<br/>단무지  (13.)<br/>짜먹는요구르트(포/딸)  (2.),20230517
부산광역시,명호고등학교,차조밥  <br/>맑은동태탕  (5.6.9.)<br/>메추리알곤약조림  (1.5.6.8.)<br/>다시마채무침  (5.6.)<br/>숯불양념닭구이*면  (1.2.5.6.7.10.12.13.15.16.18.)<br/>김치(명호)  (9.)<br/>골드파인애플바/생과  ,20230518
부산광역시,명호고등학교,떡갈비마요덮밥  (1.2.5.6.10.12.15.16.18.)<br/>유부장국  (5.6.)<br/>양상추샐러드  (2.5.6.12.)<br/>키위드레싱  (1.2.5.6.11.)<br/>김치(명호)  (9.)<br/>짜먹는 아이스크림  (1.2.5.),20230519
부산광역시,명호고등학교,시리얼*우유  (2.5.6.)<br/>슈비버거  (1.2.5.6.9.10.12.16.)<br/>감자튀김*케첩  (5.6.12.)<br/>오이피클9봉  (13.),20230522
부산광역시,명호고등학교,백미밥  <br/>고기국수  (2.5.6.9.10.13.15.16.18.)<br/>아삭고추된장무침(연)  (5.6.)<br/>부추겉절이*  (5.6.)<br/>소떡소떡  (1.2.5.6.10.15.16.)<br/>김치(명호)  (9.)<br/>오렌지주스  (13.),20230523
부산광역시,명호고등학교,곤드레콩나물밥/양념장1  (5.6.)<br/>김치어묵탕  (5.6.9.)<br/>열대과일샐러드  (1.2.5.6.11.)<br/>얼갈이겉절이  (5.6.9.)<br/>생선/감자튀김  (1.2.5.6.7.18.)<br/>김치(명호)  (9.)<br/>깍두기(명호)  (9.),20230526
부산광역시,명호고등학교,백미밥  <br/>모듬어묵탕  (1.5.6.)<br/>도라지일미무침1  (5.6.17.)<br/>로제떡볶이  (2.5.6.10.13.15.16.17.)<br/>만두튀김  (1.5.6.10.)<br/>김치(명호)  (9.)<br/>유산균음료(복숭/파인)  (2.11.),20230530
부산광역시,명호고등학교,날치알김치덮밥  (1.5.6.8.9.)<br/>미니우동  (1.2.5.6.9.)<br/>치즈핫도그  (1.2.5.6.12.13.15.16.18.)<br/>망고주스  (13.)<br/>깍두기(명호)  (9.),20230531
부산광역시,명호고등학교,*산채비빔밥*약고추장  (5.6.16.)<br/>근대된장국1  (5.6.)<br/>계란후라이  (1.)<br/>고구마맛탕1  (5.6.13.)<br/>김치(명호)  (9.)<br/>식혜  <br/>수박  ,20230601
부산광역시,명호고등학교,현미밥  <br/>부대찌개(면사리)*  (1.2.5.6.9.10.12.15.16.)<br/>메추리알장조림*  (1.5.6.13.)<br/>얼갈이겉절이  (5.6.9.)<br/>새우까스*감자튀김  (1.5.6.9.)<br/>콘소스  (1.2.5.6.13.)<br/>깍두기(명호)  (9.),20230602
부산광역시,명호고등학교,토마토스파게티*(채식미트볼)  (1.2.5.6.10.12.13.15.16.)<br/>새우버거  (1.2.5.6.9.12.13.)<br/>웨지감자*케첩  (1.2.5.6.12.13.)<br/>오이피클9봉  (13.)<br/>레몬에이드(완)  ,20230607
부산광역시,명호고등학교,기장밥1  <br/>맑은콩나물국  (5.6.)<br/>고등어김치조림(오븐)  (5.6.7.9.13.)<br/>콘치즈닭갈비  (2.5.6.13.15.)<br/>참나물파프리카무침  (5.6.)<br/>망고주스  (13.)<br/>깍두기(명호)  (9.),20230608
부산광역시,명호고등학교,백미밥  <br/>닭곰탕*당면*  (15.)<br/>*부추겉절이(연)  (13.)<br/>김가루청포묵무침(a)*  (5.6.)<br/>미니돈가스*소스(a)  (1.2.5.6.10.12.13.16.18.)<br/>에그타르트18  (1.2.5.6.)<br/>깍두기(명호)  (9.),20230609
부산광역시,명호고등학교,팥찰밥 (5)<br/>레드벨벳케이크 (1.2.5.6)<br/>쇠고기미역국1 (5.6.16)<br/>돼지갈비찜(단호박) (5.6.10.13.18)<br/>열무된장무침 (5.6)<br/>삼색잡채* (1.5.6.10.13.18)<br/>김치(명호) (9),20230612
부산광역시,명호고등학교,검정쌀밥1 <br/>들기름막국수 (3.5.6.13.16)<br/>해물순두부찌개1 (5.6.9.13.18)<br/>마늘보쌈(hj) (5.6.10.13)<br/>오이양파절임 <br/>김치(명호) (9)<br/>초코추러스 (1.2.5.6),20230613
부산광역시,명호고등학교,열무비빔밥&약고추장 (5.6.9.13)<br/>크림치즈꽈배기 (1.2.5.6)<br/>팽이버섯된장국(표준) (5.6)<br/>계란후라이 (1)<br/>김치(명호) (9)<br/>수박 ,20230614
부산광역시,명호고등학교,혼합15곡잡곡밥(추천) (5)<br/>녹두삼계탕1 (15)<br/>온두부* (5)<br/>오이부추겉절이 <br/>볶음김치 (9)<br/>코다리깐풍강정 (4.5.6.12.13)<br/>메론1 ,20230615
부산광역시,명호고등학교,햄야채볶음밥* (1.2.5.6.10.13.15.16.18)<br/>마라탕 (1.2.5.6.10.12.13.15.16.18)<br/>중국식오이무침 (5.6.13.18)<br/>한입꿔바로우 (1.5.6.10)<br/>김치(명호) (9)<br/>땅콩소스 (2.4.5.6.13.18)<br/>버블티 (2.13),20230616
부산광역시,명호고등학교,닭갈비김치볶음밥 (5.6.13.15)<br/>단배추된장국(안) (5.6)<br/>치즈돈가스 (1.2.5.6.10)<br/>알감자버터구이(고) (2.5.13)<br/>김치(명호) (9)<br/>돈가스소스(완)(고) (1.2.5.6.11.12.13.16.18)<br/>황도요거트샐러드(a) (2.11),20230619
부산광역시,명호고등학교,차조밥 <br/>양념장 (5.6)<br/>블루베리크림치즈베이글 (1.2.5.6.13)<br/>참치김치찌개(안) (5.6.9)<br/>연두부 (5)<br/>미역초무침(고) (13)<br/>돈육고추장불고기* (5.6.10.13)<br/>깍두기(명호) (9),20230620
부산광역시,명호고등학교,자장면(주식) (1.2.5.6.12.13.16.18)<br/>찐만두 (1.5.6.10.16.18)<br/>깐쇼새우샐러드(고) (1.2.5.6.9.13)<br/>단무지 (13)<br/>초간장 (5.6.13)<br/>젤리 ,20230621
부산광역시,명호고등학교,옛날도시락비빔밥(비엔나)(고) (1.2.5.6.9.10.15.16)<br/>들깨무채국1 (5.6)<br/>아이스찹쌀떡(딸기맛) (2.5.6)<br/>오미자에이드 (13)<br/>깍두기(명호) (9),20230622
부산광역시,명호고등학교,햄김가루주먹밥 (1.2.5.6.9.10.13.15.16.18)<br/>우동(주식)1 (1.5.6)<br/>타코야끼 (1.2.5.6.13)<br/>단무지 (13)<br/>청포도주스 (13),20230623
부산광역시,명호고등학교,유부장국 (5.6)<br/>제육생채소비빔밥 (5.6.10.13)<br/>반반핫도그 (1.2.5.6.10.12.13.16)<br/>김치(명호) (9)<br/>과일(참외) ,20230626
부산광역시,명호고등학교,치킨마요덮밥* (1.5.6.13.15)<br/>우동장국1 (1.2.5.6.8.9.13.16.18)<br/>소떡소떡 (1.2.5.6.10.15.16)<br/>김치(명호) (9)<br/>젤리 ,20230627
부산광역시,명호고등학교,백미밥 <br/>부추계란국 (1)<br/>국물떡볶이 (1.2.5.6.12.13.16.18)<br/>만두튀김 (1.5.6.10.16.18)<br/>김말이튀김(1) (1.5.6.16)<br/>어묵튀김(사이드) (1.5.6)<br/>도시락김 <br/>김치(명호) (9)<br/>비타민음료 (5.13),20230628
부산광역시,명호고등학교,도라에몽빵 (1.2.5.6)<br/>돈육카레라이스(a) (2.5.6.10.12.13.16.18)<br/>치킨샐러드* (1.2.5.6.13.15.18)<br/>김치(명호) (9)<br/>과일화채(고) (2.11),20230629
부산광역시,명호고등학교,토마토스파게티(고) (1.2.5.6.10.12.13.15.16)<br/>페스츄리피자 (1.2.5.6.10.12.13.15.16)<br/>양상추샐러드 (12)<br/>오이피클9봉 (13)<br/>블루베리드레싱 (2.13)<br/>배맛주스 (13),20230630
부산광역시,명호고등학교,백미밥 <br/>비빔쫄면 (5.6.12.13)<br/>단배추된장국(안) (5.6)<br/>양배추샐러드 (1.5.12.13)<br/>고구마치즈돈가스 (1.2.5.6.10)<br/>김치(명호) (9)<br/>참깨드레싱 (1.5.6.13)<br/>마카롱 (1.2.6),20230703
부산광역시,명호고등학교,열무비빔밥&약고추장 (5.6.9.13)<br/>열무비빔밥(무생채) (5.6.13)<br/>열무비빔밥(콩나물) (5.6.13)<br/>팽이장국 (5.6.13)<br/>열대과일샐러드 (1.2.5.6.11.13)<br/>계란후라이 (1)<br/>핫도그(오븐) (1.2.5.6.10.12.16)<br/>김치(명호) (9)<br/>케첩 (12),20230705
부산광역시,명호고등학교,검정쌀밥1 <br/>블루베리크림치즈베이글 (1.2.5.6.13)<br/>닭곰탕*당면* (15)<br/>오이무침* (13)<br/>마파두부(가지) (5.6.10.12.13.18)<br/>생선까스 (1.5.6)<br/>김치(명호) (9)<br/>콘소스 (1.2.5.6.13),20230706
부산광역시,명호고등학교,셀프김가루주먹밥 <br/>물비빔국수 (1.3.5.6.9.16)<br/>찐만두 (1.5.6.10.16.18)<br/>바싹불고기 (2.16)<br/>김치(명호) (9)<br/>초간장 (5.6.13),20230707
부산광역시,명호고등학교,검정쌀밥1 <br/>비빔당면 (1.5.6)<br/>미역오이냉국 (5.6.13.16)<br/>마늘보쌈(hj) (5.6.10.13)<br/>얼갈이겉절이 (5.6.9)<br/>김치(명호) (9)<br/>떠먹는요구르트(저당) (2),20230710
부산광역시,명호고등학교,혼합15곡잡곡밥(추천) (5)<br/>양념장 (5.6)<br/>닭다리삼계탕 (15)<br/>온두부* (5)<br/>부추겉절이* (5.6.13)<br/>볶음김치 (9)<br/>비엔나떡볶음 (2.5.6.10.12.13.15.16)<br/>수박 ,20230711
부산광역시,명호고등학교,백미밥 <br/>잔치국수* (1.5.6.9.18)<br/>양념장 (5.6)<br/>셀프충무김밥1 (1.5.6.9.13.17.18)<br/>섞박지(명호) (9),20230712
부산광역시,명호고등학교,율무밥1 <br/>맑은콩나물국 (5.6)<br/>김가루청포묵무침(a)* (5.6)<br/>슈프림치킨 (1.5.6.15)<br/>삼치구이 (13)<br/>김치(명호) (9)<br/>아이스망고바 ,20230713
부산광역시,명호고등학교,가지콩나물밥 (5.6.10.13.16)<br/>양념장 (5.6)<br/>크로크무슈* (1.2.5.6.10.13)<br/>호박잎된장국 (5.6)<br/>그린샐러드(키위) (1.5.11.12)<br/>김치(명호) (9)<br/>요구르트 (2),20230714
부산광역시,명호고등학교,"팥찰밥 (5)<br/>새알미역국 (5.6)<br/>돼지갈비찜(감자,밤,표고) (5.6.10.13)<br/>열무된장무침 (5.6)<br/>돈육잡채* (1.5.6.10.13)<br/>김치(명호) (9)<br/>치즈케이크 (1.2.5.6.10)",20230717
부산광역시,명호고등학교,백미밥 <br/>만두국1 (1.5.6.10.16.18)<br/>떡볶이* (1.5.6.13)<br/>김말이 (1.5.6.16)<br/>도시락김 <br/>김치(명호) (9)<br/>흑당버블라떼 (2),20230718
부산광역시,명호고등학교,팥찰밥 (5)<br/>양념장 (5.6)<br/>들깨미역국 (5.6)<br/>돼지갈비찜(단호박) (5.6.10.13.18)<br/>삼색잡채* (1.5.6.10.13.18)<br/>두부구이(안) (5)<br/>김치(명호) (9)<br/>오레오케이크 (1.2.5.6),20230816
부산광역시,명호고등학교,혼합15곡잡곡밥(추천) (5)<br/>닭다리삼계탕 (15)<br/>오이부추겉절이 <br/>비엔나떡볶음 (2.5.6.10.12.13.15.16)<br/>명태살어묵전 (1.5.6)<br/>김치(명호) (9)<br/>케첩 (12)<br/>수박 ,20230817
부산광역시,명호고등학교,기장밥1 <br/>잔파계란국 (1)<br/>치즈떡볶이 (1.2.5.6.13)<br/>만두튀김 (1.5.6.10.16.18)<br/>김말이튀김(1) (1.5.6.16)<br/>도시락김 <br/>김치(명호) (9)<br/>유산균음료(복숭/파인) (2.11),20230818
부산광역시,명호고등학교,현미밥 <br/>양념장 (5.6)<br/>블루베리크림치즈베이글 (1.2.5.6.13)<br/>모듬어묵탕 (1.5.6.13)<br/>연두부 (5)<br/>열무된장무침 (5.6)<br/>돈육김치볶음 (5.6.9.10.13)<br/>김치(명호) (9),20230821
부산광역시,명호고등학교,차조밥 <br/>닭개장* (5.6.15)<br/>미트볼데리야끼조림* (1.2.5.6.10.12.13.15.16.18)<br/>브로콜리숙회&초장 (5.6.13)<br/>고등어구이 (7.13)<br/>김치(명호) (9)<br/>아이스망고바 ,20230822
부산광역시,명호고등학교,김치말이국수 (1.5.6.9.16)<br/>셀프김가루주먹밥 (1.2.5.6.9.13.16.18)<br/>소떡소떡 (1.2.5.6.10.15.16)<br/>복숭아요거트샐러드(a) (2.11)<br/>깍두기(명호) (9),20230823
부산광역시,명호고등학교,백미밥 <br/>단배추된장국(안) (5.6)<br/>돈가스 (1.2.5.6.10)<br/>돈까스소스 (5.6.12.13.18)<br/>알감자버터구이(고) (2.5.13)<br/>미트볼푸실리 (1.2.5.6.10.12.13.15.16)<br/>김치(명호) (9),20230824
부산광역시,명호고등학교,나물비빔밥 (5.6.13.16)<br/>두부된장국 (5.6.18)<br/>계란후라이 (1)<br/>채식만두 (1.5.6.10.16.18)<br/>김치(명호) (9)<br/>초간장 (5.6.13)<br/>약고추장(채식) (5.6.13)<br/>약과 (1.5.6),20230825
부산광역시,명호고등학교,현미밥 <br/>감자수제비국 (5.6.9)<br/>옥수수달걀찜 (1.13)<br/>콩나물무침(고춧가루)* (5.6)<br/>미니돈가스*소스(a) (1.2.5.6.10.12.13.16.18)<br/>김치(명호) (9)<br/>요구르트 (2),20230828
부산광역시,명호고등학교,현미밥 <br/>참치김치찌개(안) (5.6.9)<br/>메추리알장조림* (1.5.6.13)<br/>단배추된장나물 (5.6)<br/>소시지구이&머스타드소스(선*) (1.2.5.6.10.15.16)<br/>아이스홍시 <br/>깍두기(명호) (9),20230829
부산광역시,명호고등학교,스팸마요덮밥(a) (1.2.5.6.10.13.15.16)<br/>들깨무채국1 (5.6)<br/>회오리감자 (5.6)<br/>김치(명호) (9)<br/>망고요거트샐러드(a) (1.2.5.6.11),20230830
부산광역시,명호고등학교,율무밥1 <br/>비빔막국수(안) (3.5.6.13.16)<br/>두부된장국 (5.6.18)<br/>수육 (10)<br/>찜순대 (2.5.6.10.13.16)<br/>메밀전병 (2.3.5.6.16.18)<br/>깍두기(명호) (9),20230831
부산광역시,명호고등학교,토마토스파게티 (1.2.5.6.10.12.13.15.16.18)<br/>피자 (1.2.5.6.10.12.13.15.16.18)<br/>토마토치즈샐러드 (1.2.5.6.12.13)<br/>오이피클 <br/>레몬에이드 ,20230901
부산광역시,명호고등학교,차조밥 <br/>맑은콩나물국 (5.6.9)<br/>치즈불닭구이* (2.5.6.7.13.15.16.18)<br/>단배추된장나물 (5.6)<br/>고등어구이 (7.13)<br/>김치(명호) (9)<br/>메론1 ,20230904
부산광역시,명호고등학교,기장밥1 <br/>옹심이만두국 (1.5.6.10.16.18)<br/>김가루청포묵무침(a)* (5.6)<br/>대파채겉절이 <br/>도시락김 <br/>너비아니 (2.5.6.10.12.15.16.18)<br/>김치(명호) (9)<br/>떠먹는요구르트(저당) (2.5),20230905
부산광역시,명호고등학교,백미밥 <br/>미니우동 (1.2.5.6.7.9.13)<br/>건파래볶음1 (5.6)<br/>떡볶이* (1.2.5.6.12.13.16.17.18)<br/>김말이 (1.5.6.16)<br/>김치(명호) (9)<br/>유산균음료(복숭/파인) (2.11),20230906
부산광역시,명호고등학교,목살볶음밥(안)* (1.2.5.6.10.13.15.16.18)<br/>단배추들깨시락국(고) (5.6)<br/>함박구이*소스 (1.2.5.6.10.12.13.15.16.18)<br/>양배추샐러드 (1.5.12.13)<br/>감자튀김*케첩 (5.6.12)<br/>김치(명호) (9)<br/>블루베리드레싱 (2.13),20230907
부산광역시,명호고등학교,백미밥 <br/>잔치국수* (5.6.18)<br/>양념장 (5.6)<br/>오징어어묵무침* (1.5.6.13.17.18)<br/>도시락김 <br/>섞박지(명호) (9)<br/>초코추러스 (1.2.5.6),20230908
부산광역시,명호고등학교,백미밥 <br/>비빔쫄면 (1.2.5.6.18)<br/>돈가스 (1.2.5.6.10)<br/>알감자버터구이(고) (1.2.5.6.13)<br/>김치(명호) (9)<br/>돈가스소스(완)(고) (1.2.5.6.11.12.13.16.18)<br/>요구르트 (2.5)<br/>양송이스프(안) (1.2.5.6.13.15.16),20230911
부산광역시,명호고등학교,현미밥 <br/>도토리묵국*양념장(a) (1.5.6.9.18)<br/>돈육고추장불고기* (5.6.10.13.15.18)<br/>달걀말이* (1.5.6.8.13)<br/>쌈장 (5.6.13)<br/>케첩 (12)<br/>양배추쌈 <br/>깍두기(명호) (9),20230912
부산광역시,명호고등학교,자장면 (1.2.5.6.10.12.13.15.16.18)<br/>찐만두 (1.5.6.10.16.18)<br/>칠리새우 (1.5.6.9.12.13)<br/>단무지 (13)<br/>초간장 (5.6.13)<br/>파인애플 ,20230913
부산광역시,명호고등학교,현미밥 <br/>무청시래기국 (5.6.9)<br/>새송이호박볶음 (5.6.9)<br/>햄채소볶음 (1.2.5.6.10.15.16)<br/>닭강정 (1.2.5.6.12.13.15)<br/>김치 (9)<br/>초코우유100ml (2),20230914
부산광역시,명호고등학교,콩나물밥 (5.6)<br/>양념장 (5.6)<br/>팽이장국 (5.6)<br/>열대과일샐러드 (1.2.5.6.11.13)<br/>생선까스 (1.5.6)<br/>김치(명호) (9)<br/>머스타드 (1.5.6.13)<br/>젤리 (10.11.12)<br/>호떡맛파이 (1.2.5.6.14),20230915
부산광역시,명호고등학교,차조밥 <br/>비빔국수 (5.6.9.13.16)<br/>두부된장국 (5.6.18)<br/>수육 (5.6.10)<br/>찜순대 (2.5.6.10.13.16)<br/>콩나물맛살냉채 (5.6.13)<br/>김치(명호) (9)<br/>쌈장 (5.6),20230918
부산광역시,명호고등학교,팥찰밥 (5)<br/>레드벨벳케이크 (1.2.5.6)<br/>쇠고기미역국1 (5.6.16)<br/>돼지갈비찜 (5.6.10.13)<br/>삼색나물 (5.6)<br/>삼색잡채 (1.5.6.10.13.18)<br/>김치(명호) (9),20230919
부산광역시,명호고등학교,옛날도시락비빔밥 (1.2.5.6.9.10.15.16)<br/>단배추된장국 (5.6)<br/>오란다 (1.2.3.4.5.6.14)<br/>깍두기(명호) (9),20230920
부산광역시,명호고등학교,검정쌀밥1 <br/>닭곰탕*당면 (5.6.15)<br/>메추리알곤약조림 (1.5.6.13)<br/>부추겉절이 (5.6)<br/>김치전 (1.5.6.9)<br/>망고주스 (13)<br/>깍두기(명호) (9),20230921
부산광역시,명호고등학교,백미밥 <br/>건파래볶음 (13)<br/>만두튀*비빔채소 (1.5.6.10.13.16.18)<br/>김치(명호) (9)<br/>토핑요거트 (2)<br/>미나리버섯칼국수 (5.6.13.16.18),20230922
부산광역시,명호고등학교,현미밥 <br/>녹두삼계탕 (5.6.15)<br/>온두부 (5.6)<br/>오이부추겉절이 <br/>볶음김치 (5.6.9)<br/>동그랑땡구이 (1.5.6.10.12.15.16)<br/>케첩 (12)<br/>깍두기(명호) (9),20230925
부산광역시,명호고등학교,백미밥 <br/>옥수수크림스프 (1.2.5.6.13.15.16)<br/>양배추샐러드 (12)<br/>키위드레싱 (1.2.5.6.11.13)<br/>미니돈가스*소스 (1.2.5.6.10.12.13.16.18)<br/>미트볼푸실리 (1.2.5.6.10.12.13.15.16)<br/>김치(명호) (9)<br/>초코칩쿠키 (1.2.5.6),20230926
부산광역시,명호고등학교,나물비빔밥 (5)<br/>쇠고기탕국 (1.5.6.13.16.18)<br/>송편 (6)<br/>계란후라이 (1.5.6)<br/>김치(명호) (9)<br/>약고추장 (5.6)<br/>식혜 ,20230927
부산광역시,명호고등학교,돈육카레라이스 (2.5.6.10.12.13.16.18)<br/>들깨무채국 (5.6)<br/>기름떡볶이 (5.6.13)<br/>오이무침* (5.6)<br/>핫도그 (1.2.5.6.10.12.15.16)<br/>김치 (9)<br/>케첩 (12),20231004
부산광역시,명호고등학교,돈육카레라이스 (2.5.6.10.12.13.16.18)<br/>들깨무채국 (5.6)<br/>기름떡볶이 (5.6.13)<br/>오이무침* (5.6)<br/>핫도그 (1.2.5.6.10.12.15.16)<br/>김치 (9)<br/>케첩 (12),20231004
부산광역시,명호고등학교,현미밥 <br/>양념장 (5.6)<br/>등뼈감자탕(명) (5.6.9.10.13)<br/>연두부 (5.6)<br/>아삭고추된장무침 (5.6)<br/>미트볼치즈구이* (1.2.5.6.10.12.13.15.16)<br/>초코추러스 (1.2.5.6)<br/>백김치 (9),20231005
부산광역시,명호고등학교,현미밥 <br/>양념장 (5.6)<br/>등뼈감자탕(명) (5.6.9.10.13)<br/>연두부 (5.6)<br/>아삭고추된장무침 (5.6)<br/>미트볼치즈구이* (1.2.5.6.10.12.13.15.16)<br/>초코추러스 (1.2.5.6)<br/>백김치 (9),20231005
부산광역시,명호고등학교,모듬어묵탕 (1.5.6.13)<br/>도라지일미무침1 (5.6.13.17)<br/>미니돈가스*소스 (5.6.10.12.16)<br/>알감자버터구이(고) (2.5)<br/>김치 (9)<br/>요구르트 (2)<br/>완두콩밥 ,20231006
부산광역시,명호고등학교,모듬어묵탕 (1.5.6.13)<br/>도라지일미무침1 (5.6.13.17)<br/>미니돈가스*소스 (5.6.10.12.16)<br/>알감자버터구이(고) (2.5)<br/>김치 (9)<br/>요구르트 (2)<br/>완두콩밥 ,20231006
부산광역시,명호고등학교,백미밥 <br/>부추달걀국 (1.5.6.7)<br/>김자반 (13)<br/>국물떡볶이 (1.2.5.6.12.17)<br/>만두튀김 (1.5.6.10.16.18)<br/>김말이 (1.5.6.16)<br/>김치 (9)<br/>맛감자 (5.6)<br/>라면과자 (1.2.5.6.10.15.16),20231010
부산광역시,명호고등학교,백미밥 <br/>부추달걀국 (1.5.6.7)<br/>김자반 (13)<br/>국물떡볶이 (1.2.5.6.12.17)<br/>만두튀김 (1.5.6.10.16.18)<br/>김말이 (1.5.6.16)<br/>김치 (9)<br/>맛감자 (5.6)<br/>라면과자 (1.2.5.6.10.15.16),20231010
부산광역시,명호고등학교,백미밥 <br/>잔치국수* (1.5.6)<br/>양념장 (5.6)<br/>오징어어묵무침* (1.5.6.17)<br/>도시락김 <br/>섞박지 (9)<br/>초코칩쿠키 (1.2.5.6),20231011
부산광역시,명호고등학교,백미밥 <br/>잔치국수* (1.5.6)<br/>양념장 (5.6)<br/>오징어어묵무침* (1.5.6.17)<br/>도시락김 <br/>섞박지 (9)<br/>초코칩쿠키 (1.2.5.6),20231011
부산광역시,명호고등학교,치킨마요덮밥* (1.2.5.6.13.15)<br/>단배추된장국 (5.6)<br/>김치 (9)<br/>초코머핀 (1.2.5.6)<br/>비타민음료 (13),20231012
부산광역시,명호고등학교,치킨마요덮밥* (1.2.5.6.13.15)<br/>단배추된장국 (5.6)<br/>김치 (9)<br/>초코머핀 (1.2.5.6)<br/>비타민음료 (13),20231012
부산광역시,명호고등학교,팥찰밥 (5)<br/>양념장 (5.6)<br/>쇠고기미역국1 (5.6.16)<br/>마늘보쌈(hj) (2.5.6.9.10.17.18)<br/>도토리묵 <br/>삼색잡채 (1.5.6)<br/>김치 (9)<br/>고구마케이크 (1.2.5.6),20231016
부산광역시,명호고등학교,현미밥 <br/>닭곰탕*당면 (5.6.15)<br/>부추겉절이 (5.6)<br/>만두튀김*비빔채소 (1.5.6.10.18)<br/>고등어양념구이 (5.6.7)<br/>김치 (9),20231017
부산광역시,명호고등학교,양념치킨덮밥 (1.2.5.6.12.15.16.18)<br/>가쓰오장국 (1.2.5.6.9)<br/>회오리핫도그 (1.2.5.6.9.10.15.16.18)<br/>김치 (9)<br/>요구르트 (2),20231018
부산광역시,명호고등학교,검정쌀밥 <br/>양념장 (5.6)<br/>건새우아욱국 (5.6.9)<br/>오리불고기 (5.6.15)<br/>노란호박전 (5.6.13)<br/>두부구이 (5.6)<br/>김치 (9),20231019
부산광역시,명호고등학교,백미밥 <br/>마라탕 (1.2.5.6.9.10.12.13.15.16.17.18)<br/>중국식오이무침 (5.6.13.18)<br/>달걀말이* (1.5)<br/>한입꿔바로우 (5.6.10.12)<br/>단무지 (13)<br/>케첩 (12)<br/>과일꼬지 (6),20231020
부산광역시,명호고등학교,장어데리야끼덮밥 (1.3.4.5.6.13.18)<br/>팽이장국 (5.6)<br/>김치 (9)<br/>버블티 (2.13)<br/>포도요거트샐러드 (2.5.6),20231023
부산광역시,명호고등학교,기장밥 <br/>무청시래기국 (5.6.9)<br/>양배추샐러드 (1.5.12.13)<br/>치즈돈가스 (2.5.6.10)<br/>김치 (9)<br/>참깨드레싱 (1.5.6.13)<br/>사과주스 (13)<br/>돈가스소스(완)(고) (2.5.6.12.13.18)<br/>감바스*바게트빵 (1.2.5.6.9.10.12.13.15),20231024
부산광역시,명호고등학교,나물비빔밥 (5.6.16)<br/>호박잎된장국 (5.6)<br/>달걀후라이 (1.5)<br/>소떡소떡 (2.5.6.10.12.15.16)<br/>김치 (9)<br/>약고추장(쇠) (5.6.16)<br/>딸기우유 (2),20231025
부산광역시,명호고등학교,현미밥 <br/>부대찌개 (2.5.6.9.10.12.16.18)<br/>탕평채 (1.5.6.16)<br/>얼갈이겉절이 <br/>생선까스 (1.2.5.6.12.16.18)<br/>타르타르 (1.5.13)<br/>초코찐빵 (1.2.5.6)<br/>백김치 (9),20231026
부산광역시,명호고등학교,해물로제스파게티 (1.2.5.6.9.10.12.13.16)<br/>불고기퀘사디아 (2.5.6.10.13.18)<br/>오이피클9봉 (13)<br/>아보카도양상추샐러드 (12.13)<br/>오리엔탈소스 (5.6)<br/>깔라만시에이드 (13),20231027
부산광역시,명호고등학교,차조밥 <br/>해물순두부백탕 (5.6.9.13.18)<br/>옥수수달걀찜 (1.5.6.9.13)<br/>숙주나물무침 (5.6)<br/>돈육고추장불고기 (5.6.10.13)<br/>김치 (9)<br/>아이스홍시 ,20231030
부산광역시,명호고등학교,녹두밥 (5)<br/>들깨수제비국 (5.6.9)<br/>메추리알고추장조림 (1.5.6)<br/>오이무침 (5.6)<br/>동그랑땡구이 (1.2.5.6.10.12.15.16)<br/>김치 (9)<br/>케첩 (12)<br/>와플 (1.2.5.6),20231031
부산광역시,명호고등학교,잡채밥18 (1.5.6.10.13)<br/>잡채밥(자장) (1.5.6.10.13.16)<br/>부추달걀국 (1.5.6)<br/>수제후르츠탕수육 (1.5.6.10.11.12.13.16)<br/>멘보샤 (1.5.6.9.12.13)<br/>단무지 (13)<br/>파인애플 ,20231101
부산광역시,명호고등학교,현미밥 <br/>양념장 (5.6)<br/>블루베리크림치즈베이글 (1.2.5.6.13.16)<br/>추어탕 (5.6.9.18)<br/>연두부 (5)<br/>김가루청포묵무침(a)* (5.6)<br/>비엔나떡볶음 (2.5.6.10.12.13.15.16)<br/>김치 (9)<br/>백김치(명호) (9),20231102
부산광역시,명호고등학교,돼지국밥1 (2.5.6.9.10.13.16)<br/>아삭고추된장무침 (5.6)<br/>*부추겉절이(연) (5.6)<br/>김치전 (1.5.6.9)<br/>섞박지 (9)<br/>미니붕어빵 (1.2.5.6),20231103
부산광역시,명호고등학교,검정콩밥 (5)<br/>쇠고기뭇국 (5.6.16)<br/>대파채겉절이 (5.6.9.13)<br/>궁중떡볶이 (5.6.10.13)<br/>새우살호박볶음* (5.6.9.13)<br/>언양식반달불고기 (1.2.5.6.10.12.15.16)<br/>김치 (9)<br/>하루견과 (2.4.14.19),20231106
부산광역시,명호고등학교,기장밥1 <br/>돈육김치찌개 (5.6.9.10.18)<br/>겨울초무침 (5.6.13)<br/>명태살어묵전 (1.5.6)<br/>깍두기 (9)<br/>케첩 (12)<br/>젤리 <br/>양념치킨 (1.5.6.12.13.15.16),20231107
부산광역시,명호고등학교,투움바스파게티(주)* (1.2.5.6.9.10.12.13.15.18)<br/>치킨샐러드* (1.2.5.6.13.15.18)<br/>감자튀김*케첩 (5.6.12)<br/>오이피클9봉 (13)<br/>버블티 (2.13)<br/>모닝빵*딸기쨈 (1.2.5.6.13),20231108
부산광역시,명호고등학교,현미밥 <br/>양념장 (5.6)<br/>모듬어묵탕 (1.5.6.13)<br/>콩나물무침 (5.6)<br/>돈육고추장불고기* (5.6.10.13)<br/>두부구이 (5.6)<br/>김치 (9)<br/>백김치(명호) (9)<br/>요구르트 (2),20231109
부산광역시,명호고등학교,*산채비빔밥*약고추장 (5.6.16)<br/>단배추된장국 (5.6)<br/>계란후라이 (1.5)<br/>고구마맛탕 (5.13)<br/>김치 (9)<br/>초코막대과자 (1.2.5.6),20231110
부산광역시,명호고등학교,혼합15곡잡곡밥(추천) (5)<br/>닭다리삼계탕 (5.6.15)<br/>온두부 (5.6)<br/>느타리잔파초무침 (5.6.13)<br/>볶음김치 (5.9)<br/>노란호박전 (5.6.13)<br/>깍두기 (9)<br/>에그타르트18 (1.2.5.6.16),20231113
부산광역시,명호고등학교,장어데리야끼덮밥 (1.2.5.6.13.16.18)<br/>팽이장국 (5.6)<br/>꼬들단무지 (13)<br/>김치 (9)<br/>오렌지주스 (13)<br/>망고요거트샐러드 (1.2.5.6)<br/>찹쌀떡 (1.2.6.10),20231114
부산광역시,명호고등학교,백미밥 <br/>미니우동 (1.2.5.6.7.9)<br/>김자반 (5.13)<br/>국물떡볶이 (1.5.6.13.16.17.18)<br/>김말이 (1.5.6.16)<br/>오징어튀김(1) (1.5.6.17)<br/>김치 (9)<br/>맛감자 (5.6),20231117
부산광역시,명호고등학교,검정쌀밥1 <br/>수제비감자탕 (5.6.9.10)<br/>숙주나물무침1 (5.6)<br/>푸실리샐러드 (1.5.6.7.9.12.18)<br/>데리야끼멘츠카츠 (1.2.5.6.10.12.15.16)<br/>김치 (9)<br/>과일(사과) ,20231120
부산광역시,명호고등학교,보리밥(할맥) <br/>근대된장국1 (5.6)<br/>옥수수달걀찜 (1.5.6.13)<br/>오리불고기 (5.6.13.15)<br/>김치 (9)<br/>무쌈 (13)<br/>오이*당근*쌈장 (5.6),20231121
부산광역시,명호고등학교,자장면 (1.2.5.6.10.12.13.16.18)<br/>크림/칠리새우 (1.2.4.5.6.9.12.13.16)<br/>단무지 (13)<br/>초간장 (5.6.13)<br/>저당요구르트 (2)<br/>군만두 (1.5.6.10),20231122
부산광역시,명호고등학교,팥찰밥 (5)<br/>들깨미역국 (5.6.16.18)<br/>얼갈이겉절이 (5.6)<br/>삼색잡채 (1.5.6.13)<br/>돼지갈비구이 (5.6.10.13.16)<br/>김치 (9)<br/>마카롱 (1.2.6),20231123
부산광역시,명호고등학교,페스츄리피자 (1.2.5.6.10.12.13.15.16)<br/>토마토카프레제 (2.12.13)<br/>오이피클9봉 <br/>레몬에이드(완) <br/>해물토마토스파게티(고) (1.2.5.6.9.10.12.13.15.16.17.18),20231124
부산광역시,명호고등학교,차조밥 <br/>브로콜리숙회*초장 (5.6.13)<br/>초장 (5.6.13)<br/>참치소스*매운맛김 (1.2.5.13)<br/>닭불구이 (1.2.5.6.10.15.16)<br/>김치 (9)<br/>쇠고기콩나물국 (5.6.16),20231127
부산광역시,명호고등학교,율무밥1 <br/>맑은동태탕 (5.6.9.18)<br/>오이무침* (5.13)<br/>돈육김치볶음 (5.6.9.10.13)<br/>달걀말이* (1.5.13)<br/>김치 (9)<br/>케첩 (12)<br/>귤1 ,20231128
부산광역시,명호고등학교,양념장 (5.6)<br/>마늘토스트 (1.2.5.6.13)<br/>감자옹심이국* (1.3.5.6)<br/>수제채소튀김(안) (5.6)<br/>김치 (9)<br/>콩고기콩나물밥 (5.6)<br/>메추리알떡볶이 (1.5.6.13),20231129
부산광역시,명호고등학교,검정쌀밥1 <br/>비빔막국수 (3.5.6.13.16)<br/>두부된장국 (5.6.18)<br/>수육 (5.6.10)<br/>찜순대 (2.5.6.10.13.16)<br/>배추겉절이 (5.6.9.18)<br/>도시락김 <br/>옥수수콘버터구이1 (1.2.5.6)<br/>쌈장 (5.6.13),20231130
부산광역시,명호고등학교,낙지새우비빔밥(고) (5.6.9.13.17)<br/>팽이장국 (5.6)<br/>고구마치즈또띠아 (2.5.6)<br/>김치 (9)<br/>나박김치 (9)<br/>황도토마토절임 (11.12),20231201
부산광역시,명호고등학교,팥찰밥 <br/>쇠고기미역국1 (5.6.16)<br/>분모자갈비찜 (5.6.10.13)<br/>온두부 (5)<br/>참치김치볶음 (5.9)<br/>삼색잡채 (1.5.6.13)<br/>깍두기 (9)<br/>오레오케이크 (1.2.5.6),20231204
부산광역시,명호고등학교,백미밥 <br/>녹두삼계탕 (15)<br/>겨울초무침 (13)<br/>연어구이 (2.5.6.12.13)<br/>깍두기 (9)<br/>어니언소스 (1.2.5.6)<br/>길거리토스트 (1.2.5.6.10.12.13.15.16)<br/>세발나물느타리무침 (5.6.13),20231205
부산광역시,명호고등학교,옛날도시락비빔밥(소시지)(고) (1.2.5.6.9.10.15.16)<br/>단배추된장국 (5.6)<br/>깍두기 (9)<br/>초코머핀 (1.2.5.6)<br/>망고주스 (13),20231206
부산광역시,명호고등학교,김밥(1줄) (1.2.5.6.10.15.16)<br/>국물떡볶이 (1.5.6.13)<br/>깍두기 (9)<br/>초간장 (5.6.13)<br/>포도주스 (13)<br/>순두부전골*라면 (1.2.5.6.9.10.15.16.18)<br/>새우만두 (1.5.6.9.10.15.16.17.18),20231207
부산광역시,명호고등학교,순대돼지국밥* (2.5.6.9.10.13.16)<br/>*부추겉절이(연) (13)<br/>김치전 (1.5.6.9)<br/>고구마맛탕 (5.13)<br/>섞박지 (9)<br/>바나나우유 (2),20231208
부산광역시,명호고등학교,토마토스파게티(고) (1.2.5.6.10.12.13.15.16)<br/>소시지핫도그 (1.2.5.6.10.12.13.15.16)<br/>감자튀김*케첩 (5.6.12)<br/>오이피클9봉 <br/>아보카도양상추샐러드 (12.13)<br/>오리엔탈소스 (5.6)<br/>깔라만시에이드 ,20231211
부산광역시,명호고등학교,나물비빔밥 (5.6.13.16)<br/>북어뭇국 (5.6)<br/>계란후라이 (1.5)<br/>반반핫도그 (1.2.5.6.10.12.13.16)<br/>김치 (9)<br/>케첩 (12)<br/>약고추장 (5.6.13)<br/>식혜 ,20231213
부산광역시,명호고등학교,검정쌀밥1 <br/>비빔쫄면 (5.6.12.13)<br/>김치어묵탕 (1.5.6.9)<br/>햄달걀찜* (1.2.5.6.10.15.16)<br/>깍두기 (9)<br/>귤1 <br/>고추장마요소스 (1.5.6.13)<br/>통삼겹튀김 (5.10),20231214
부산광역시,명호고등학교,백미밥 <br/>만둣국 (1.5.6.10.16.18)<br/>참치소스*매운맛김 (1.5.13)<br/>김치 (9)<br/>요구르트 (2)<br/>불고기떡볶이 (1.5.6.13.16)<br/>매콤팽이버섯조림 (5.6.13.16),20231215
부산광역시,명호고등학교,율무밥1 <br/>배추된장국 (5.6.18)<br/>김가루청포묵무침(a)* (5.6)<br/>매콤수육 (5.10)<br/>김치 (9)<br/>초간장 (5.6.13)<br/>떠먹는요구르트(저당) (2)<br/>감자채전 (5.6),20231218
부산광역시,명호고등학교,혼합15곡잡곡밥(추천) (5)<br/>한방갈비탕(당면) (16)<br/>겨울초무침 (13)<br/>코다리깐풍강정 (4.5.6.12.13)<br/>미트볼치즈구이* (1.2.5.6.10.12.13.15.16)<br/>호떡 (1.2.5.6)<br/>김치 (9),20231219
부산광역시,명호고등학교,백미밥 <br/>잔치국수* (1.5.6)<br/>양념장 (5.6)<br/>찐만두 (1.5.6.10.16.18)<br/>오징어어묵무침* (1.5.6.13.17)<br/>도시락김 <br/>섞박지 (9)<br/>초간장 (5.6.13)<br/>청포도주스 (13),20231220
부산광역시,명호고등학교,백미밥 <br/>단팥죽(부식) (13)<br/>콩나물불고기 (5.6.10.13)<br/>치킨너겟 (1.2.5.6.15)<br/>머스타드 (1.5.6.13)<br/>요구르트 (2)<br/>물떡어묵탕 (1.5.6)<br/>동치미 (9),20231221
부산광역시,명호고등학교,토마토스파게티(고) (1.2.5.6.10.12.13.15.16)<br/>치킨샐러드* (1.2.5.6.13.15.18)<br/>오이피클9봉 <br/>랍스터테일구이 (2)<br/>자몽주스 (13)<br/>감자샌드위치 (1.2.5.6.10.13),20231226
부산광역시,명호고등학교,베이컨토스트 (1.2.5.6.10.13)<br/>돈육카레라이스 (2.5.6.10.12.13.16.18)<br/>가쓰오장국 (1.2.5.6.9.13)<br/>치커리오이무침 (13)<br/>김치 (9)<br/>딸기 ,20231227
부산광역시,명호고등학교,백미밥 <br/>돈육김치찌개 (5.6.9.10)<br/>옥수수달걀찜 (1.13)<br/>국물떡볶이 (1.5.6.13)<br/>김말이 (1.5.6.16)<br/>사과맛요거트 (2.5)<br/>깍두기 (9),20240304
부산광역시,명호고등학교,팥찰밥 <br/>쇠고기미역국1 (5.6.16)<br/>돼지갈비찜 (5.6.10.13)<br/>삼색나물 (5.6)<br/>돈육잡채 (1.5.6.10.13)<br/>김치 (9)<br/>크림치즈찰떡 (2.5),20240305
부산광역시,명호고등학교,순대돼지국밥* (2.5.6.9.10.13.16)<br/>*부추겉절이(연) (13)<br/>취나물된장무침 (5.6)<br/>김치전 (1.5.6.9)<br/>섞박지 (9)<br/>딸기 ,20240306
부산광역시,명호고등학교,현미밥 <br/>닭곰탕*당면 (15)<br/>온두부 (5)<br/>봄동겉절이 (13)<br/>깍두기 (9)<br/>비엔나떡볶음 (2.5.6.10.12.13.15.16)<br/>볶음김치 (9),20240307
부산광역시,명호고등학교,달래양념장 (5.6.13)<br/>감자옹심이국* (5.6.17)<br/>연근조림 (5.6.13)<br/>열대과일샐러드 (2.11.13)<br/>치즈핫도그 (1.2.5.6.10.12.13.16)<br/>김치 (9)<br/>케첩 (12)<br/>우엉콩나물밥 (5.6.10),20240308
부산광역시,명호고등학교,검정쌀밥1 <br/>단배추냉이된장국 (5.6.18)<br/>마늘보쌈(hj) (5.6.10.13)<br/>생선까스 (1.5.6)<br/>김치 (9)<br/>타르타르 (1.5.13)<br/>김가루콩나물무침 (5),20240311
부산광역시,명호고등학교,혼합15곡잡곡밥(추천) (5)<br/>녹두삼계탕 (15)<br/>미나리무생채 (13)<br/>고구마맛탕 (5.13)<br/>동그랑땡구이 (1.2.5.6.10.15.16)<br/>김치 (9)<br/>케첩 (12),20240312
부산광역시,명호고등학교,옛날도시락비빔밥 (1.2.5.6.9.10.15.16)<br/>들깨무채국 (5.6)<br/>토핑요거트 (2)<br/>깍두기 (9),20240313
부산광역시,명호고등학교,기장밥1 <br/>달래양념장 (5.6.13)<br/>맑은동태탕 (5.6.9)<br/>연두부 (5)<br/>오리불고기 (5.6.13)<br/>김치 (9)<br/>하루견과 (2.4.14.19)<br/>무쌈 <br/>오이*당근*쌈장 (5.6),20240314
부산광역시,명호고등학교,떡갈비*나물비빔밥 (5.6.10.13.15.16.18)<br/>단배추된장국 (5.6)<br/>탕수만두(만두추가a) (5.12.13)<br/>김치 (9)<br/>마카롱 (1.2.6),20240315
부산광역시,명호고등학교,통밀밥 (6)<br/>부대찌개(면사리)* (1.2.5.6.9.10.12.15.16)<br/>분모자간장찜닭 (5.6.13.15)<br/>새우살호박볶음* (9.13)<br/>깍두기 (9)<br/>메추리알샐러드 (1.2.5.6.12.13),20240318
부산광역시,명호고등학교,현미밥 <br/>건새우시금치국 (5.6.9)<br/>김가루청포묵무침(a)* (5.6)<br/>돈육고추장불고기* (5.6.10.13)<br/>김치 (9)<br/>과일(사과) <br/>고등어카레가루구이 (2.5.6.7.12.13.16.18),20240319
부산광역시,명호고등학교,자장면 (1.2.5.6.10.12.13.16.18)<br/>찹쌀탕수육 (1.10)<br/>단무지 <br/>초간장 (5.6.13)<br/>요구르트 (2)<br/>군만두 (1.5.6.10.16.18),20240320
부산광역시,명호고등학교,율무밥1 <br/>한우우거지국* (5.6.16)<br/>돌나물초무침(a) (5.6.13)<br/>궁중떡볶이 (5.6.10.13)<br/>새우까스 (1.5.6.9)<br/>김치 (9)<br/>치폴레소스 (1.5),20240321
부산광역시,명호고등학교,낙지새우비빔밥(고) (5.6.9.13.17)<br/>팽이장국 (5.6)<br/>고구마치즈또띠아 (2.5.6)<br/>김치 (9)<br/>황도토마토절임 (11.12),20240322
부산광역시,명호고등학교,차수수밥 <br/>등뼈감자탕(명) (5.6.9.10.13)<br/>메추리알곤약조림 (1.5.6.13)<br/>두부담은찰도그롤 (1.2.5.6.10.16)<br/>김치 (9)<br/>망고주스 (13)<br/>콩나물잡채 (5),20240325
부산광역시,명호고등학교,떡갈비마요덮밥 (1.5.6.10.13.15.16.18)<br/>배추된장국 (5.6.18)<br/>만두강정 (1.5.6.10.12.13.16.18)<br/>김치 (9)<br/>한라봉 ,20240326
부산광역시,명호고등학교,백미밥 <br/>잔치국수* (1.5.6)<br/>양념장 (5.6)<br/>오징어어묵무침* (1.5.6.13.17)<br/>핫도그 (1.2.5.6.10.12.15.18)<br/>도시락김 <br/>섞박지 (9)<br/>케첩 (12),20240327
부산광역시,명호고등학교,백미밥 <br/>크루통크림스프 (2.5.6.13.16)<br/>알감자조림1 (5.6.13)<br/>양배추샐러드&키위드레싱 (1.2.5.6.11.13)<br/>고구마치즈돈가스 (1.2.5.6.10)<br/>김치 (9)<br/>요구르트 (2),20240328
부산광역시,명호고등학교,토마토스파게티(고) (1.2.5.6.10.12.13.15.16)<br/>칠리핫도그 (1.2.5.6.10.13.15.16)<br/>양상추샐러드 (12)<br/>감자튀김*케첩 (5.6.12)<br/>오이피클9봉 <br/>유산균주스 (2),20240329
부산광역시,명호고등학교,현미밥 <br/>바지락쑥국 (5.6.18)<br/>온두부 (5)<br/>돈육고추장불고기* (5.6.10.13)<br/>워터젤리(복숭아) <br/>깍두기 (9)<br/>볶음김치 (9)<br/>김가루콩나물무침 (5),20240401
부산광역시,명호고등학교,백미밥 <br/>만둣국 (1.5.6.10.16.18)<br/>참치소스*매운맛김 (1.5.13)<br/>로제떡볶이 (2.5.6.10.13.15.16)<br/>김말이 (1.5.6.16)<br/>김치 (9)<br/>맛감자 (5.6),20240402
부산광역시,명호고등학교,페스츄리피자 (1.2.5.6.10.12.13.15.16)<br/>돈육카레라이스 (2.5.6.10.12.13.16.18)<br/>오이무침* (5.6.13)<br/>팝콘치킨샐러드 (1.2.5.6.13.15)<br/>김치 (9),20240403
부산광역시,명호고등학교,기장밥1 <br/>참치김치찌개(안) (5.6.9)<br/>돈육메추리알장조림* (1.5.6.10.13)<br/>숙주나물무침1 <br/>소시지구이&머스타드소스(선*) (1.2.5.6.10.15.16)<br/>깍두기 (9),20240404
부산광역시,명호고등학교,나물비빔밥 (5.6.13.16)<br/>우리밀초코케이크 (1.2.5.6)<br/>두부된장국 (5.6.18)<br/>계란후라이 (1.5)<br/>회오리감자 (5.6)<br/>김치 (9)<br/>약고추장(쇠) (5.6.16),20240405
부산광역시,명호고등학교,검정쌀밥1 <br/>닭곰탕*당면 (15)<br/>취나물된장무침 (5.6)<br/>코다리떡강정 (5.6.12.13)<br/>김치 (9)<br/>미트볼데리야끼조림 (1.2.5.6.10.13.15.16),20240408
부산광역시,명호고등학교,돼지국밥1 (2.5.6.9.10.13.16)<br/>아삭고추된장무침 (5.6)<br/>부추겉절이 (5.6.13)<br/>김치전 (1.5.6.9)<br/>섞박지 (9)<br/>쑥절편 ,20240409
부산광역시,명호고등학교,팥찰밥 <br/>쇠고기미역국1 (5.6.16)<br/>돼지갈비찜 (5.6.10.13)<br/>파프리카잡채 (1.5.6.13)<br/>명태살어묵전 (1.5.6)<br/>김치 (9)<br/>치즈케이크 (1.2.5.6),20240411
부산광역시,명호고등학교,자장면 (1.2.5.6.10.12.13.16.18)<br/>깐쇼새우샐러드(고) (1.2.5.6.9.13)<br/>단무지 <br/>요구르트 (2)<br/>군만두 (1.5.6.10.16.18),20240412
부산광역시,명호고등학교,통밀밥 (6)<br/>한우우거지국* (5.6.16)<br/>옥수수달걀찜 (1.13)<br/>브로콜리숙회*초장 (5.6.13)<br/>초장 (5.6.13)<br/>오징어부추전 (5.6.17)<br/>김치 (9)<br/>요구르트 (2),20240415
부산광역시,명호고등학교,혼합15곡잡곡밥(추천) (5)<br/>달래양념장 (5.6.13)<br/>닭다리삼계탕 (15)<br/>연두부 (5)<br/>오이무침* (5.6.13)<br/>만두튀*비빔채소 (1.5.6.10.13.16.18)<br/>김치 (9)<br/>블루베리생크림바게트 (1.2.5.6.13),20240416
부산광역시,명호고등학교,백미밥 <br/>김치비빔국수 (1.5.6.9.16)<br/>꼬지어묵탕 (1.5.6)<br/>김자반 (13)<br/>너비아니 (5.6.10.15.16.18)<br/>푸딩(파인애플) ,20240417
부산광역시,명호고등학교,크림스파게티(안) (1.2.5.6.10.13.16)<br/>미니불고기버거 (1.2.5.6.10.12.13.15.16.18)<br/>과일리코타치즈샐러드 (2.13)<br/>감자튀김*케첩 (5.6.12)<br/>오이피클9봉 <br/>과일에이드 ,20240418
부산광역시,명호고등학교,크림치즈꽈배기 (1.2.5.6)<br/>팽이장국 (5.6)<br/>제육생채소비빔밥 (5.6.10.13)<br/>김치 (9)<br/>방울토마토* (12),20240419
부산광역시,명호고등학교,백미밥 <br/>파인애플함박구이*소스 (1.2.5.6.10.12.13.15.16.18)<br/>샐러드우동(a) (5.6.12.13)<br/>김치 (9)<br/>딸기우유 (2)<br/>양송이스프(안) (2.5.6.13.16)<br/>일미무침 (5.6.13.17),20240422
부산광역시,명호고등학교,기장밥1 <br/>비빔막국수 (3.5.6.13.16)<br/>맑은콩나물국 (5.6)<br/>수육 (5.6.10)<br/>찜순대 (2.5.6.10.13.16)<br/>김치 (9)<br/>쌈장 (5.6.13)<br/>초코추러스 (1.2.5.6)<br/>양념순두부 (5.6.13),20240423
부산광역시,명호고등학교,미역장국 (5.6)<br/>꽃맛살샐러드 (1.5.6.8.13.18)<br/>주꾸미콩나물비빔밥 (5.6.10.13)<br/>옥수수치즈구이 (1.2.5.13)<br/>김치 (9),20240424
부산광역시,명호고등학교,병아리콩밥 <br/>육개장(안) (5.6.16)<br/>연근조림 (5.6.13)<br/>생선까스 (1.5.6)<br/>미트볼치즈구이* (1.2.5.6.10.12.13.15.16)<br/>김치 (9)<br/>타르타르 (1.5.13),20240425
부산광역시,명호고등학교,백미밥 <br/>닭칼국수 (6.15)<br/>오징어어묵무침*도시락김 (1.5.6.13.17)<br/>핫도그 (1.2.5.6.10.12.15.18)<br/>섞박지 (9)<br/>케첩 (12),20240426
부산광역시,명호고등학교,백미밥 <br/>미니우동 (1.2.5.6.9.13)<br/>김자반 (13)<br/>만두튀김 (1.5.6.10.16.18)<br/>어묵튀김(사이드) (1.5.6)<br/>김치 (9)<br/>유산균주스 (2)<br/>메추리알떡볶이 (1.5.6.13),20240429
부산광역시,명호고등학교,치킨마요덮밥* (1.5.6.13.15)<br/>단배추된장국 (5.6)<br/>김치 (9)<br/>비타민음료 (5.13)<br/>딸기크림도넛 (1.2.5.6.13),20240430
부산광역시,명호고등학교,옛날도시락비빔밥 (1.2.5.6.9.10.15.16)<br/>도라에몽빵 (1.2.5.6)<br/>들깨무채국 (5.6)<br/>깍두기 (9)<br/>초코우유100ml (2),20240501
부산광역시,명호고등학교,상하이스파게티 (1.2.5.6.9.12.13.15.16.17.18)<br/>치킨또띠아(고) (1.2.5.6.12.13.15.18)<br/>감자튀김*케첩 (5.6.12)<br/>오이피클9봉 <br/>과일에이드 <br/>비타민젤리 ,20240502
부산광역시,명호고등학교,기장밥1 <br/>김치어묵탕 (1.5.6.9)<br/>함박스테이크&소스 (1.2.5.6.10.12.13.15.16.18)<br/>팝콘치킨샐러드 (1.2.5.6.13.15)<br/>새우살호박볶음* (9.13)<br/>깍두기 (9)<br/>바나나우유 (2),20240507
부산광역시,명호고등학교,자장면 (1.2.5.6.10.12.13.16.18)<br/>찹쌀탕수육 (1.10)<br/>멘보샤 (1.5.6.9.12.13)<br/>단무지 <br/>후르츠소스 (11.13)<br/>마카롱 (1.2.6),20240508
부산광역시,명호고등학교,율무밥1 <br/>느타리잔파초무침 (5.6.13)<br/>김치 (9)<br/>타르타르 (1.5.13)<br/>요구르트 (2)<br/>닭개장 (5.6.15)<br/>미트볼데리야끼조림 (1.2.5.6.10.13.15.16)<br/>삼치빵가루구이 (5.13),20240509
부산광역시,명호고등학교,참치생채소비빔밥 (5.6.13)<br/>몬테크리스토(수제) (1.2.5.6.10.13)<br/>유부장국 (5.6)<br/>김치 (9)<br/>황도토마토절임 (11.12),20240510
부산광역시,명호고등학교,팥찰밥 <br/>레드벨벳케이크 (1.2.5.6)<br/>숙주미나리나물* (5.6)<br/>돈육갈비버섯구이 (10.13)<br/>김치 (9)<br/>수제비미역국 (5.6)<br/>갑오징어브로콜리숙회(고) (5.6.13.17),20240513
부산광역시,명호고등학교,현미밥 <br/>부대찌개* (1.2.5.6.9.10.12.13.15.16)<br/>옹심이만두떡볶이 (1.5.6.10.13.16.18)<br/>김말이 (1.5.6.16)<br/>도시락김 <br/>깍두기 (9)<br/>아이스망고바 <br/>맛감자 (5.6),20240516
부산광역시,명호고등학교,돈육카레라이스 (2.5.6.10.12.13.16.18)<br/>얼갈이겉절이 <br/>치즈볼 (1.2.5.6)<br/>닭장각구이 (15)<br/>김치 (9)<br/>과일화채 (2.11),20240517
부산광역시,명호고등학교,혼합15곡잡곡밥(추천) (5)<br/>육개장(안) (5.6.16)<br/>미역초무침(고) (13)<br/>생선까스 (1.5.6)<br/>소시지구이 (1.2.5.6.10.15.16)<br/>김치 (9)<br/>타르타르 (1.5.13)<br/>케첩 (12),20240520
부산광역시,명호고등학교,검정쌀밥1 <br/>꽃게된장국 (5.6.8.9)<br/>마늘보쌈(hj) (5.6.10.13)<br/>비빔당면(a) (1.5.6)<br/>오이양파절임 <br/>김치 (9)<br/>요구르트 (2),20240521
부산광역시,명호고등학교,1/2백미밥 <br/>잔치국수* (1.5.6)<br/>양념장 (5.6)<br/>찐만두 (1.5.6.10.16.18)<br/>오징어어묵무침*도시락김 (1.5.6.13.17)<br/>섞박지 (9)<br/>초간장 (5.6.13),20240522
부산광역시,명호고등학교,*속청콩밥(연) (5)<br/>치킨 (1.5.6.15)<br/>모듬어묵탕 (1.5.6.13)<br/>마늘쫑건새우볶음(추천) (5.6.9.13)<br/>동그랑땡구이 (1.2.5.6.10.15.16)<br/>김치 (9)<br/>오렌지 <br/>케첩 (12),20240523
부산광역시,명호고등학교,시리얼*우유 (2.5.6)<br/>치즈불고기버거 (1.2.5.6.10.13)<br/>치즈스틱 (1.2.5.6)<br/>감자튀김*케첩 (5.6.12)<br/>머스타드 (1.5.6.13),20240524
부산광역시,명호고등학교,백미밥 <br/>양송이스프(안) (2.5.6.13.16)<br/>치즈돈가스 (1.2.5.6.10)<br/>미트볼푸실리 (1.2.5.6.10.12.13.15.16)<br/>김치 (9)<br/>베이비슈 (1.2.5.6)<br/>망고황도요거트샐러드(a) (2.11),20240527
부산광역시,명호고등학교,차조밥 <br/>북어콩나물국1 (5.6)<br/>가지나물무침 (5.6)<br/>돈육잡채 (1.5.6.10.13)<br/>돈육고추장불고기* (5.6.10.13)<br/>크로플*메이플시럽 (1.2.5.6.13)<br/>깍두기 (9),20240528
부산광역시,명호고등학교,스팸마요덮밥(a) (1.2.5.6.10.13.15.16)<br/>단배추된장국 (5.6)<br/>김치 (9)<br/>파인애플양상추샐러드 (2.11)<br/>토핑요거트 (2),20240529
부산광역시,명호고등학교,보리밥(할맥) <br/>맑은동태탕 (5.6.9)<br/>온두부 (5)<br/>분모자간장찜닭 (5.6.13.15)<br/>참나물겉절이 <br/>볶음김치 (5.9)<br/>깍두기 (9)<br/>과일(골드키위) ,20240530
부산광역시,명호고등학교,*산채비빔밥(연) (5.6)<br/>두부된장국 (5.6.18)<br/>달걀후라이 (1.5)<br/>김치 (9)<br/>약고추장 (5.6.13)<br/>아이스크림1 (1.2.5),20240531
부산광역시,명호고등학교,검정쌀밥1 <br/>녹두삼계탕 (15)<br/>미나리무생채 (13)<br/>코다리깐풍강정 (4.5.6.12.13)<br/>동그랑땡구이 (1.2.5.6.10.15.16)<br/>김치 (9)<br/>케첩 (12),20240603
부산광역시,명호고등학교,현미밥 <br/>꼬지어묵탕 (1.5.6)<br/>새우살달걀찜 (1.9.13)<br/>단배추된장나물 (5.6)<br/>오리불고기 (5.6.13)<br/>김치 (9)<br/>팥양갱 <br/>무쌈 ,20240604
부산광역시,명호고등학교,잡채밥(자장) (1.5.6.10.13.16)<br/>건새우계란국 (1.9)<br/>갈비만두&초간장 (1.5.6.10.13.16.18)<br/>찹쌀탕수육 (1.10)<br/>단무지 <br/>머핀 (1.2.5.6),20240605
부산광역시,명호고등학교,현미밥 <br/>추어탕(고) (5.6)<br/>알감자조림1 (5.6.13)<br/>양배추쌈 <br/>돈육고추장불고기* (5.6.10.13)<br/>김치 (9)<br/>쌈장 (5.6.13)<br/>수리취떡 <br/>오미자에이드 (13),20240610
부산광역시,명호고등학교,백미밥 <br/>만둣국 (1.5.6.10.16.18)<br/>얼갈이겉절이 <br/>메추리알떡볶이 (1.5.6.13)<br/>맛감자 (5.6)<br/>김말이 (1.5.6.16)<br/>김치 (9)<br/>아이스망고바 ,20240611
부산광역시,명호고등학교,돈가스샌드위치 (1.2.5.6.10)<br/>돈육카레라이스 (2.5.6.10.12.13.16.18)<br/>도라지오이초무침 (5.6.13)<br/>얼갈이겉절이 <br/>김치 (9)<br/>과일화채 (2.11),20240612
부산광역시,명호고등학교,팥찰밥 <br/>한우들깨미역국 (5.6.16)<br/>돈육떡찜 (5.6.10.13)<br/>삼색나물 (5.6)<br/>파프리카잡채 (1.5.6.13)<br/>김치 (9)<br/>치즈케이크 (1.2.5.6),20240613
부산광역시,명호고등학교,백미밥 <br/>열무비빔밥(무생채) (5.6.13)<br/>열무비빔밥(콩나물) (5.6.13)<br/>열무비빔밥(고명) (5.6.9)<br/>미역오이냉국 (5.6.13.16)<br/>달걀후라이 (1.5)<br/>김치 (9)<br/>약고추장 (5.6.13)<br/>꽈배기도넛 (1.2.5.6),20240614
부산광역시,명호고등학교,율무밥1 <br/>감자수제비국 (5.6.9)<br/>안동찜닭*납작당면 (5.6.13.15)<br/>호박볶음 (5.6.9)<br/>고등어양념구이 (5.6.7.13)<br/>김치 (9)<br/>감귤쥬스(사하) (13),20240617
부산광역시,명호고등학교,기장밥1 <br/>양념장 (5.6)<br/>팽이버섯된장국(표준) (5.6)<br/>연두부 (5)<br/>마늘보쌈(hj) (5.6.10.13)<br/>콩나물무침 (5)<br/>김치 (9)<br/>곡물라떼 (2),20240618
부산광역시,명호고등학교,크림스파게티(안) (1.2.5.6.10.13.16)<br/>불고기퀘사디아1/2(고) (2.5.6.10.13.18)<br/>감자튀김*케첩 (5.6.12)<br/>오이피클 <br/>황도요거트샐러드(a) (2.11)<br/>과일에이드 ,20240619
부산광역시,명호고등학교,통밀밥 (6)<br/>등뼈감자탕(명) (5.6.9.10.13)<br/>주꾸미브로콜리숙회*초장 (5.6.13)<br/>궁중떡볶이 (5.6.10.13)<br/>햄구이 (1.2.5.6.10)<br/>김치 (9)<br/>케첩 (12),20240620
부산광역시,명호고등학교,나물비빔밥 (5.6.13.16)<br/>단배추된장국 (5.6)<br/>달걀후라이 (1.5)<br/>뿌리채소맛탕 (5.13)<br/>김치 (9)<br/>약고추장 (5.6.13)<br/>식혜 ,20240621
부산광역시,명호고등학교,혼합15곡잡곡밥(추천) (5)<br/>닭곰탕*당면 (15)<br/>얼갈이겉절이 <br/>새우튀김 (1.5.6.9)<br/>양념순두부 (5.6.13)<br/>김치 (9)<br/>콘소스 (1.2.5.6.13)<br/>요구르트 (2),20240624
부산광역시,명호고등학교,보리밥(할맥) <br/>부대찌개(면사리)* (1.2.5.6.9.10.12.15.16)<br/>꽈리고추메추리알장조림1 (1.5.6.13)<br/>김가루청포묵무침(a)* (5.6)<br/>닭강정 (5.6.12.13.15)<br/>깍두기 (9),20240625
부산광역시,명호고등학교,들깨무채국 (5.6)<br/>제육생채소비빔밥 (5.6.10.13)<br/>김치 (9)<br/>요구르트 (2)<br/>멘보사과 (2.5.6),20240626
부산광역시,명호고등학교,백미밥 <br/>비엔나감자뇨끼 (1.2.5.6.10.13.16)<br/>돈육김치찌개 (5.6.9.10)<br/>팝콘치킨샐러드 (1.2.5.6.13.15)<br/>고구마함박*소스 (1.2.5.6.10.12.15.16)<br/>깍두기 (9),20240627
부산광역시,명호고등학교,1/2백미밥 <br/>미나리버섯칼국수 (5.6.13.16)<br/>오징어어묵무침* (1.5.6.13.17)<br/>핫도그 (1.2.5.6.10.12.15.18)<br/>김 <br/>섞박지 (9)<br/>케첩 (12),20240628
부산광역시,명호고등학교,치킨마요덮밥* (1.5.6.13.15)<br/>김치콩나물국1 (5.6.9)<br/>김치 (9)<br/>사과주스 (13),20240701
부산광역시,명호고등학교,떡갈비*나물비빔밥 (5.6.10.13.15.16.18)<br/>초코맛파이 (1.2.5.6)<br/>감자옹심이국* (5.6.17)<br/>김치 (9)<br/>망고주스 (13),20240702
부산광역시,명호고등학교,옛날도시락비빔밥 (1.2.5.6.9.10.15.16)<br/>도넛 (1.2.5.6)<br/>들깨무채국 (5.6)<br/>초코우유100ml (2)<br/>깍두기 (9),20240703
부산광역시,명호고등학교,토마토스파게티(고) (1.2.5.6.10.12.13.15.16)<br/>페스츄리피자 (1.2.5.6.10.12.13.15.16)<br/>모듬감자튀김 (5.6)<br/>오이피클 <br/>케첩 (12),20240704
부산광역시,명호고등학교,팥찰밥 <br/>새알미역국 (5.6)<br/>돼지갈비찜 (5.6.10.13)<br/>삼색나물 (5.6)<br/>돈육잡채 (1.5.6.10.13)<br/>김치 (9)<br/>크림치즈케이크 (1.2.5.6),20240708
부산광역시,명호고등학교,기장밥1 <br/>도토리묵국*양념장(a) (9)<br/>닭볶음탕 (5.6.13.15)<br/>도시락김 <br/>고등어양념구이 (5.6.7.13)<br/>깍두기 (9),20240709
부산광역시,명호고등학교,자장면 (1.2.5.6.10.12.13.16.18)<br/>깐쇼새우샐러드* (1.2.5.6.9.13)<br/>군만두 (1.5.6.10.16.18)<br/>단무지 <br/>초간장 (5.6.13)<br/>요구르트 (2),20240710
부산광역시,명호고등학교,치킨 (1.5.6.15)<br/>현미밥 <br/>해물순두부찌개(a)* (5.6.9.13.17.18)<br/>꽈리고추메추리알장조림1 (1.5.6.13)<br/>다시마채무침 <br/>김치 (9)<br/>인절미초코볼 (2.5.6),20240711
부산광역시,명호고등학교,열무비빔밥(고명) (5.6.9)<br/>두부된장국 (5.6.18)<br/>달걀후라이 (1.5)<br/>고구마맛탕 (5.13)<br/>김치 (9)<br/>약고추장 (5.6.13)<br/>포도 ,20240712
부산광역시,명호고등학교,검정쌀밥1 <br/>닭다리삼계탕 (15)<br/>온두부 (5)<br/>열무겉절이 <br/>볶음김치 (9)<br/>장어강정 (2.5.6.12.13)<br/>깍두기 (9)<br/>수박(고) ,20240715
부산광역시,명호고등학교,기장밥1 <br/>비빔쫄면 (5.6.12.13)<br/>참치김치찌개(안) (5.6.9)<br/>콩나물무침 (5)<br/>돈육갈비구이 (10.13)<br/>깍두기 (9)<br/>아이스망고바 ,20240716
부산광역시,명호고등학교,백미밥 <br/>꼬지어묵탕 (1.5.6)<br/>김자반 (13)<br/>로제떡볶이 (2.5.6.10.13.15.16)<br/>만두튀김 (1.5.6.10.16.18)<br/>김말이 (1.5.6.16)<br/>김치 (9)<br/>유산균음료(복숭/파인) (2),20240717
부산광역시,명호고등학교,백미밥 <br/>마라탕 (1.2.5.6.10.12.13.15.16.18)<br/>옥수수달걀찜 (1.13)<br/>단배추된장나물 (5.6)<br/>한입꿔바로우 (1.5.6.10)<br/>김치 (9)<br/>아이스크림1 (1.2.5),20240718
부산광역시,명호고등학교,스팸마요덮밥(a) (1.2.5.6.10.13.15.16)<br/>단배추된장국 (5.6)<br/>회오리감자 (5.6)<br/>김치 (9)<br/>사과주스 (13),20240816
부산광역시,명호고등학교,율무밥1 <br/>돈육김치찌개 (5.6.9.10)<br/>고구마치즈닭갈비 (2.5.6.13.15)<br/>미역초무침(고) (13)<br/>생선까스 (1.5.6)<br/>깍두기 (9)<br/>콘소스 (1.2.5.6.13)<br/>요구르트 (2),20240819
부산광역시,명호고등학교,팥찰밥 <br/>케이크 (1.2.5.6)<br/>들깨미역국 (5.6)<br/>돼지갈비찜 (5.6.10.13)<br/>참나물겉절이 <br/>삼색잡채 (1.5.6.13)<br/>김치 (9),20240820
부산광역시,명호고등학교,자장면(1/2) (2.5.6.10.13.16.18)<br/>후르츠탕수육 (1.5.6.10.11.13)<br/>소떡소떡 (1.2.5.6.10.15.16)<br/>단무지 <br/>저당요구르트 (2),20240821
부산광역시,명호고등학교,검정쌀밥1 <br/>양념장 (5.6)<br/>미역오이냉국 (5.6.13.16)<br/>연두부 (5)<br/>마늘보쌈(hj) (5.6.10.13)<br/>열무겉절이 <br/>김치 (9)<br/>추러스과자 (1.2.5.6),20240822
부산광역시,명호고등학교,백미밥 <br/>김치콩나물국1 (5.6.9)<br/>새우살달걀찜 (1.9.13)<br/>김자반 (5.13)<br/>떡볶이* (1.5.6.13)<br/>김말이 (1.5.6.16)<br/>깍두기 (9)<br/>유산균주스 (2),20240823
부산광역시,명호고등학교,기장밥1 <br/>꼬지어묵탕 (1.5.6)<br/>모듬콩조림18 (4.5.6.13)<br/>비빔당면(a) (1.5.6)<br/>고추장불고기(버섯) (5.6.10.13)<br/>김치 (9)<br/>아이스망고바 ,20240826
부산광역시,명호고등학교,현미밥 <br/>닭개장 (5.6.15)<br/>오징어어묵무침*도시락김 (1.5.6.13.17)<br/>오이양파절임 <br/>소시지구이 (1.2.5.6.10.15.16)<br/>김치 (9)<br/>깍두기 (9)<br/>케첩 (12),20240827
부산광역시,명호고등학교,돈육낙지새우비빔밥(고) (5.6.9.10.13.17)<br/>팽이장국 (5.6.13)<br/>고구마치즈또띠아 (2.5.6)<br/>김치 (9)<br/>수박(고) ,20240828
부산광역시,명호고등학교,병아리콩밥 <br/>들깨시락국 (5.6)<br/>함박스테이크&소스 (1.2.5.6.10.12.13.15.16.18)<br/>팝콘치킨샐러드 (1.2.5.6.13.15)<br/>미트볼푸실리 (1.2.5.6.10.12.13.15.16)<br/>김치 (9)<br/>복숭아에이드 (11),20240829
부산광역시,명호고등학교,*산채비빔밥*약고추장 (5.6.16)<br/>단배추된장국 (5.6)<br/>달걀후라이 (1.5)<br/>핫도그 (1.2.5.6.10.12.15.18)<br/>김치 (9)<br/>케첩 (12),20240830
부산광역시,명호고등학교,혼합15곡잡곡밥(추천) (5)<br/>닭곰탕*당면 (15)<br/>모듬콩조림18 (4.5.6.13)<br/>비빔채소 (5.6.13)<br/>만두튀김 (1.5.6.10.16.18)<br/>고등어양념구이 (5.6.7.13)<br/>김치 (9),20240902
부산광역시,명호고등학교,현미밥 <br/>등뼈감자탕(명) (5.6.9.10.13)<br/>메추리알볼어묵볶음* (1.5.6.13)<br/>브로콜리숙회*초장 (5.6.13)<br/>초장 (5.6.13)<br/>미트볼치즈구이* (1.2.5.6.10.12.13.15.16)<br/>김치 (9)<br/>포도 ,20240903
부산광역시,명호고등학교,토마토스파게티(고) (1.2.5.6.10.12.13.15.16)<br/>치킨또띠아(고) (1.2.5.6.12.13.15.18)<br/>감자튀김*케첩 (5.6.12)<br/>오이피클 <br/>과일에이드 ,20240904
부산광역시,명호고등학교,율무밥1 <br/>양념장 (5.6)<br/>육개장(안) (5.6.16)<br/>연두부 (5)<br/>미나리무생채 (13)<br/>생선까스 (1.5.6)<br/>김치 (9)<br/>콘소스 (1.2.5.6.13)<br/>베이비슈 (1.2.5.6),20240905
부산광역시,명호고등학교,"곤드레콩나물밥,양념장1 (5.6.13)<br/>양념장 (5.6)<br/>감자옹심이국* (5.6.17)<br/>메추리알떡볶이 (1.5.6.13)<br/>오징어튀김(1) (1.5.6.17)<br/>김말이 (1.5.6.16)<br/>김치 (9)<br/>워터젤리 ",20240906
부산광역시,명호고등학교,차조밥 <br/>해물순두부찌개(a)* (5.6.9.13.17.18)<br/>안동찜닭*납작당면 (5.6.13.15)<br/>김가루청포묵무침(a)* (5.6)<br/>동그랑땡구이 (1.2.5.6.10.15.16)<br/>김치 (9)<br/>케첩 (12),20240909
부산광역시,명호고등학교,기장밥1 <br/>맑은동태탕 (5.6.9)<br/>단배추된장나물 (5.6)<br/>대파채겉절이(레몬) (1.2.5.6)<br/>비엔나떡볶음 (2.5.6.10.12.13.15.16)<br/>떡갈비구이 (5.6.10.15.16.18)<br/>김치 (9),20240910
부산광역시,명호고등학교,소금빵도그 (1.2.5.6.10.12.13.15.16)<br/>돈육카레라이스 (2.5.6.10.12.13.16.18)<br/>열대과일샐러드 (2.11.13)<br/>치커리오이무침 (13)<br/>김치 (9)<br/>초코우유100ml (2),20240911
부산광역시,명호고등학교,검정쌀밥1 <br/>꽃게된장국 (5.6.8.9)<br/>수육 (5.6.10)<br/>온두부 (5)<br/>찜순대 (2.5.6.10.13.16)<br/>콩나물무침(고춧가루)* (5)<br/>볶음김치 (9)<br/>쌈장 (5.6.13)<br/>깍두기 (9),20240912
부산광역시,명호고등학교,나물비빔밥 (5.6.13.16)<br/>쇠고기탕국 (1.5.6.13.16)<br/>송편 <br/>달걀후라이 (1.5)<br/>김치 (9)<br/>약고추장 (5.6.13)<br/>식혜 ,20240913
부산광역시,명호고등학교,현미밥 <br/>맑은콩나물국 (5.6)<br/>도토리묵채소무침(a) (5.6.13)<br/>오리불고기 (5.6.13)<br/>소시지구이 (1.2.5.6.10.15.16)<br/>김치 (9)<br/>머스타드 (1.5.6.13),20240919
부산광역시,명호고등학교,잔치국수* (1.5.6)<br/>김자반 (13)<br/>치즈볼 (1.2.5.6)<br/>닭장각구이 (15)<br/>김치 (9)<br/>아이스홍시 ,20240920
부산광역시,명호고등학교,팥찰밥 <br/>케이크 (1.2.5.6)<br/>쇠고기미역국1 (5.6.16)<br/>새우살달걀찜 (1.9.13)<br/>돼지갈비찜 (5.6.10.13)<br/>삼색잡채 (1.5.6.13)<br/>김치 (9),20240923
부산광역시,명호고등학교,보리밥(할맥) <br/>부대찌개* (1.2.5.6.9.10.12.13.15.16)<br/>다시마채무침 <br/>참치소스*매운맛김 (1.5.13)<br/>미니돈가스*소스 (1.2.5.6.10.12.13.16.18)<br/>깍두기 (9),20240924
부산광역시,명호고등학교,해물자장면 (2.5.6.9.13.16.17)<br/>찐만두 (1.5.6.10.16.18)<br/>칠리새우 (1.5.6.9.12.13)<br/>단무지 <br/>초간장 (5.6.13)<br/>요구르트 (2),20240925
부산광역시,명호고등학교,수수밥 <br/>무청시래기국 (5.6.9)<br/>돈육고추장불고기* (5.6.10.13)<br/>호박볶음 (5.6.9)<br/>삼치구이 (5.13)<br/>김치 (9)<br/>방울토마토* (12),20240926
부산광역시,명호고등학교,옛날도시락비빔밥 (1.2.5.6.9.10.15.16)<br/>들깨무채국 (5.6)<br/>요구르트 (2)<br/>꽈배기도넛 (1.2.5.6)<br/>깍두기 (9),20240927
부산광역시,명호고등학교,현미밥 <br/>뼈해장국 (5.6.9.10.13)<br/>쌈추겉절이 (5.6.13)<br/>달걀말이* (1.5.13)<br/>새우까스 (1.5.6.9)<br/>김치 (9)<br/>케첩 (12)<br/>어니언소스 (1.2.5.6),20240930
부산광역시,명호고등학교,팽이장국 (5.6.13)<br/>제육생채소비빔밥 (5.6.10.13)<br/>회오리핫도그 (1.2.5.6.10.16)<br/>김치 (9)<br/>과일(사과) ,20241002
부산광역시,명호고등학교,검정쌀밥1 <br/>닭곰탕*당면 (15)<br/>꽈리고추메추리알장조림1 (1.5.6.13)<br/>오이부추겉절이 <br/>코다리칠리강정 (5.6.12.13)<br/>김치 (9)<br/>*메이플피칸파이(41.5g-연) (1.2.5.6.14),20241004
부산광역시,명호고등학교,치킨마요덮밥* (1.5.6.13.15)<br/>도넛 (1.2.5.6)<br/>아욱된장국1 (5.6.9)<br/>김치 (9)<br/>초코우유100ml (2),20241007
부산광역시,명호고등학교,카스테라빵 (1.2.5.6)<br/>돈육카레라이스 (2.5.6.10.12.13.16.18)<br/>열대과일샐러드 (2.11.13)<br/>치커리오이무침 (13)<br/>김치 (9)<br/>바나나우유 (2),20241008
부산광역시,명호고등학교,자장면 (1.2.5.6.10.12.13.16.18)<br/>탕수육 (1.5.6.10.13)<br/>백짬뽕매운군만두18 (1.5.6.10.13.16.18)<br/>단무지 <br/>마카롱 (1.2.6),20241010
부산광역시,명호고등학교,옥수수알밥1 <br/>연두부달걀탕18 (1.5.6)<br/>삼색나물 (5.6)<br/>생선까스 (1.5.6)<br/>숯불양념닭구이*면 (1.2.5.6.10.12.13.15.16)<br/>김치 (9)<br/>타르타르 (1.5.13),20241014
부산광역시,명호고등학교,현미밥 <br/>김치콩나물국1 (5.6.9)<br/>함박스테이크&소스 (1.2.5.6.10.12.13.15.16.18)<br/>샐러드파스타(고) (1.2.5.6.7.12.13.18)<br/>아몬드멸치볶음1 (5.6.13)<br/>과일에이드 <br/>깍두기 (9),20241015
부산광역시,명호고등학교,1/2백미밥 <br/>양념장 (5.6)<br/>잔치국수* (1.5.6)<br/>꿀빵 (4)<br/>오징어어묵무침* (1.5.6.13.17)<br/>김 <br/>섞박지 (9),20241016
부산광역시,명호고등학교,차조밥 <br/>추어탕 (5.6)<br/>주꾸미브로콜리숙회*초장 (5.6.13)<br/>김치전 (5.6.9)<br/>소시지구이 (1.2.5.6.10.15.16)<br/>케첩 (12)<br/>달밤라떼 (2)<br/>깍두기 (9),20241017
부산광역시,명호고등학교,새우크림스파게티 (1.2.5.6.9.10.12.13.15.18)<br/>닭가슴살퀘사디아 (2.5.6.13.15)<br/>아보카도양상추샐러드 (12.13)<br/>감자튀김*치즈소스 (1.2.5.6.13)<br/>오이피클 <br/>요구르트 (2),20241018
부산광역시,명호고등학교,팥찰밥 <br/>당근케이크 (1.2.5.6)<br/>전복미역국 (18)<br/>땅콩조림1 (4.5.6.13)<br/>돼지갈비찜 (5.6.10.13)<br/>갈치구이 <br/>김치 (9),20241021
부산광역시,명호고등학교,시리얼*우유 (2.5.6)<br/>치킨버거 (1.2.5.6.10.12.13.15.16)<br/>추가죽(채소죽) <br/>감자튀김*케첩 (5.6.12)<br/>귤1 ,20241022
부산광역시,명호고등학교,고기국수 (5.6.9.10.13)<br/>소시지핫도그 (1.2.5.6.10.12.13.15.16)<br/>아삭고추된장무침 (5.6)<br/>*부추겉절이(연) (13)<br/>김치 (9)<br/>섞박지 (9)<br/>케첩 (12)<br/>흑당버블라떼 (2),20241023
부산광역시,명호고등학교,백미밥 <br/>비빔쫄면 (5.6.12.13)<br/>물떡어묵탕 (1.5.6)<br/>달걀말이* (1.5.13)<br/>제주돈가스(흑돼지) (1.2.5.6.10)<br/>김치 (9)<br/>케첩 (12)<br/>젤리 ,20241024
부산광역시,명호고등학교,기장밥1 <br/>녹두삼계탕 (15)<br/>두부조림1 (5.6.13)<br/>돈육잡채 (1.5.6.10.13)<br/>노란호박전 (5.6.13)<br/>김치 (9)<br/>오렌지 ,20241028
부산광역시,명호고등학교,검정쌀밥1 <br/>단호박꽃게된장국 (5.6.8.9.18)<br/>명엽채조림 <br/>마늘보쌈(hj) (5.6.10.13)<br/>김가루콩나물무침 (5)<br/>김치 (9)<br/>초코추러스 (1.2.5.6),20241029
부산광역시,명호고등학교,나물비빔밥 (5.6.13.16)<br/>두부된장국 (5.6.18)<br/>달걀후라이 (1.5)<br/>고구마맛탕 (5.13)<br/>김치 (9)<br/>약고추장 (5.6.13),20241030
부산광역시,명호고등학교,율무밥1 <br/>등뼈감자탕(명) (5.6.9.10.13)<br/>미트볼데리야끼조림 (1.2.5.6.10.13.15.16)<br/>미역초무침(a) (13)<br/>어묵볶이 (1.5.6.13)<br/>김치 (9)<br/>베이비슈 (1.2.5.6),20241031
부산광역시,명호고등학교,검정쌀밥1 <br/>비빔막국수 (3.5.6.13.16)<br/>감자된장국 (5.6)<br/>대파채겉절이(레몬) (1.2.5.6)<br/>삼겹채소구이* (5.10)<br/>김치 (9)<br/>포도 ,20241101
부산광역시,명호고등학교,현미밥 <br/>돈육순두부찌개 (5.6.9.10.13.17.18)<br/>오이무침* (5.6.13)<br/>탕평채* (1.5.6.16)<br/>뿌링클치킨 (1.2.5.6.15)<br/>김치 (9)<br/>아이스크림1 (1.2.5),20241104
부산광역시,명호고등학교,녹두밥1 <br/>건새우콩나물국 (5.6.9)<br/>수육 (5.6.10)<br/>온두부 (5)<br/>양파절임 <br/>찜순대 (2.5.6.10.13.16)<br/>볶음김치 (9)<br/>쌈장 (5.6.13)<br/>딸기찹쌀떡 (2.5.6)<br/>깍두기 (9),20241105
부산광역시,명호고등학교,토마토스파게티(고) (1.2.5.6.10.12.13.15.16)<br/>미니불고기버거 (1.2.5.6.10.12.13.15.16.18)<br/>팝콘치킨샐러드 (1.2.5.6.13.15)<br/>오이피클 <br/>포도주스 (13),20241106
부산광역시,명호고등학교,백미밥 <br/>미니우동 (1.2.5.6.9.13)<br/>블루베리생크림바게트 (1.2.5.6.13)<br/>양배추샐러드(고) (13)<br/>김자반 (13)<br/>돈가스 (1.2.5.6.10)<br/>김치 (9)<br/>돈가스소스(완)(고) (5.6.12.13.18),20241107
부산광역시,명호고등학교,돼지국밥 (2.5.6.9.10.13.16)<br/>아삭고추된장무침 (5.6)<br/>*부추겉절이(연) (13)<br/>김치전 (5.6.9)<br/>섞박지 (9)<br/>미니붕어빵 (1.2.5.6),20241108
부산광역시,명호고등학교,혼합15곡잡곡밥(추천) (5)<br/>닭다리삼계탕 (15)<br/>겨울초무침 (13)<br/>방울어묵볶음(안) (1.5.6.13)<br/>미트볼치즈구이* (1.2.5.6.10.12.13.15.16)<br/>초코막대과자 (1.2.5.6)<br/>깍두기 (9),20241111
부산광역시,명호고등학교,장어데리야끼덮밥 (1.5.6.13)<br/>온메밀국수 (3.5.6.7.13.18)<br/>꼬들단무지 <br/>김치 (9)<br/>초콜릿 (2.5)<br/>키위배맛주스 (13),20241112
부산광역시,명호고등학교,베이컨토스트 (1.2.5.6.10.13)<br/>돈육카레라이스 (2.5.6.10.12.13.16.18)<br/>가쓰오장국 (1.2.5.6.9.13)<br/>오이무침* (5.6.13)<br/>김치 (9)<br/>감귤샐러드 (2.11),20241115
부산광역시,명호고등학교,고구마밤밥 <br/>꽃게된장국 (5.6.8.9)<br/>단호박갈비찜 (5.6.10.13)<br/>도토리묵*양념장 (5.6.13)<br/>참나물겉절이 <br/>호떡 (1.2.5.6)<br/>김치 (9),20241118
부산광역시,명호고등학교,율무밥1 <br/>닭곰탕*당면 (15)<br/>고등어무조림* (5.6.7.13)<br/>*부추겉절이(연) (13)<br/>동그랑땡구이 (1.2.5.6.10.15.16)<br/>김치 (9)<br/>케첩 (12)<br/>짜먹는그릭요거트 (2),20241119
부산광역시,명호고등학교,나물비빔밥 (5.6.13.16)<br/>모듬어묵탕 (1.5.6.13)<br/>달걀후라이 (1.5)<br/>고구마맛탕 (5.13)<br/>김치 (9)<br/>약고추장 (5.6.13)<br/>귤1 ,20241120
부산광역시,명호고등학교,차수수밥 <br/>만둣국 (1.5.6.10.16.18)<br/>새우살달걀찜 (1.9.13)<br/>누들떡볶이* (1.5.6.13)<br/>오징어튀김(1) (1.5.6.17)<br/>김말이 (1.5.6.16)<br/>김치 (9)<br/>젤리 ,20241121
부산광역시,명호고등학교,1/2백미밥 <br/>못난이핫도그 (1.2.5.6.10.16)<br/>닭칼국수 (6.15)<br/>오징어어묵무침* (1.5.6.13.17)<br/>김 <br/>섞박지 (9)<br/>케첩 (12),20241122
부산광역시,명호고등학교,*속청콩밥(연) (5)<br/>배추된장국 (5.6.18)<br/>돈육김치조림 (5.6.9.10.13)<br/>오이부추겉절이 <br/>삼치구이 (5.13)<br/>요구르트 (2)<br/>깍두기 (9),20241125
부산광역시,명호고등학교,기장밥1 <br/>무청시래기국 (5.6.9)<br/>분모자간장찜닭 (5.6.13.15)<br/>숙주나물무침1 <br/>비엔나떡볶음 (2.5.6.10.12.13.15.16)<br/>김치 (9)<br/>과일(사과) ,20241126
부산광역시,명호고등학교,참치마요덮밥 (1.5.6.13)<br/>맑은콩나물국 (5.6)<br/>갈떡구이 (1.5.6.10.16.18)<br/>김치 (9)<br/>망고황도요거트샐러드(a) (2.11),20241127
부산광역시,명호고등학교,팥찰밥 <br/>케이크 (1.2.5.6)<br/>바지락미역국* (5.6.18)<br/>마늘보쌈(hj) (5.6.10.13)<br/>삼색잡채 (1.5.6.13)<br/>감자채전 (5.6)<br/>김치 (9)<br/>초간장 (5.6.13),20241128
부산광역시,명호고등학교,콩나물밥 (5.6)<br/>양념장 (5.6)<br/>꼬지어묵탕 (1.5.6)<br/>메추리알장조림* (1.5.6.13)<br/>느타리호박볶음 (5.6.9)<br/>새우튀김 (1.5.6.9)<br/>김치 (9)<br/>타르타르 (1.5.13)<br/>떠먹는요구르트(저당) (2),20241129
부산광역시,명호고등학교,검정쌀밥1 <br/>맑은동태탕 (5.6.9)<br/>수육 (5.6.10)<br/>배추겉절이 (5.6)<br/>찜순대 (2.5.6.10.13.16)<br/>고구마맛탕 (5.13)<br/>깍두기 (9)<br/>쌈장 (5.6.13)<br/>귤1 ,20241202
부산광역시,명호고등학교,목살볶음밥 (1.2.5.6.10.12.13.18)<br/>조각피자 (1.2.5.6.10.12.13.15.16)<br/>가쓰오장국 (1.2.5.6.9.13)<br/>감자튀김*치즈소스 (1.2.5.6.13)<br/>미트볼푸실리 (1.2.5.6.10.12.13.15.16)<br/>김치 (9)<br/>자두주스 (13),20241203
부산광역시,명호고등학교,새우크림스파게티 (1.2.5.6.9.10.12.13.15.18)<br/>감자샌드위치 (1.2.5.6.10.13)<br/>과일샐러드* (1.2.5.6.13)<br/>랍스터테일구이 (2)<br/>오이피클 <br/>딸기주스 (13),20241204
부산광역시,명호고등학교,기장밥1 <br/>돈육김치찌개 (5.6.9.10)<br/>가지나물무침 (5.6)<br/>달걀말이* (1.5.13)<br/>데리야끼멘츠카츠 (1.2.5.6.10.12.15.16)<br/>깍두기 (9)<br/>케첩 (12)<br/>팥앙금가래떡 ,20241205
부산광역시,명호고등학교,"자장면(1/2,고) (2.5.6.10.13.16.18)<br/>해물짬뽕(1/2,고) (5.6.8.9.13.17.18)<br/>탕수육 (1.5.6.10.13)<br/>군만두 (1.5.6.10.16.18)<br/>단무지 <br/>소스 (5.6.13)<br/>초간장 (5.6.13)<br/>짜먹는요구르트 (2)",20241206
부산광역시,명호고등학교,옛날도시락비빔밥 (1.2.5.6.9.10.15.16)<br/>들깨무채국 (5.6)<br/>깍두기 (9)<br/>바나나우유 (2)<br/>시리얼바 (5.6),20241209
부산광역시,명호고등학교,양념치킨덮밥 (5.6.12.13.15)<br/>휘낭시에 (1.2.5.6)<br/>팽이버섯계란국1 (1.5.6.13)<br/>김치 (9)<br/>망고주스 (13),20241210
부산광역시,명호고등학교,1/2김밥 (1.2.5.6.10.15.16)<br/>닭칼국수 (6.15)<br/>찐만두 (1.5.6.10.16.18)<br/>배추겉절이 (5.6)<br/>깍두기 (9)<br/>초간장 (5.6.13),20241211
부산광역시,명호고등학교,떡갈비마요덮밥 (1.5.6.10.13.15.16.18)<br/>초코머핀 (1.2.5.6)<br/>김치어묵탕 (1.5.6.9)<br/>깍두기 (9)<br/>딸기우유 (2),20241212
부산광역시,명호고등학교,율무밥1 <br/>닭곰탕*당면 (15)<br/>겨울초무침 (13)<br/>만두튀*비빔채소 (1.5.6.10.13.16.18)<br/>연어구이 (2.5.6.12.13)<br/>김치 (9)<br/>크림소스(a) (1.2.5.6)<br/>단감 ,20241216
부산광역시,명호고등학교,병아리콩밥 <br/>등뼈감자탕(명) (5.6.9.10.13)<br/>마늘쫑건새우볶음(추천) (5.6.9.13)<br/>고추잡채*꽃빵* (5.6.10.12.13.18)<br/>두부달걀전* (1.5.6)<br/>깍두기 (9)<br/>요구르트 (2),20241217
부산광역시,명호고등학교,후리가케마요주먹밥(셀프) (1.2.5.6.9.13.16.18)<br/>꼬지어묵탕 (1.5.6)<br/>양배추샐러드&키위드레싱 (1.2.5.6.11.13)<br/>달걀떡볶이 (1.5.6.13)<br/>감자튀김 (5.6)<br/>햄튀김 (2.5.6.10.15.16)<br/>김말이 (1.5.6.16)<br/>김치 (9),20241218
부산광역시,명호고등학교,차조밥 <br/>감자수제비국 (5.6.9)<br/>세발나물무침 <br/>해물볶음우동* (5.6.8.9.13.17.18)<br/>돈육고추장불고기* (5.6.10.13)<br/>김치 (9)<br/>과일(사과) ,20241219
부산광역시,명호고등학교,*산채비빔밥(연) (5.6)<br/>단팥죽(부식) (13)<br/>팽이버섯된장국(표준) (5.6)<br/>달걀후라이 (1.5)<br/>김치 (9)<br/>동치미 (9)<br/>약고추장 (5.6.13)<br/>요구르트 (2),20241220
부산광역시,명호고등학교,참치마요주먹밥(셀프) (1.2.5.6.9.13.16.18)<br/>양념장 (5.6)<br/>애호박된장국 (5.6.18)<br/>매콤족발구이 (5.6.10)<br/>연두부 (5)<br/>오이양파절임 <br/>김치 (9)<br/>초코우유100ml (2),20241223
부산광역시,명호고등학교,백미밥 <br/>미니우동 (1.2.5.6.9.13)<br/>레드벨벳케이크 (1.2.5.6)<br/>양배추샐러드 (1.5.12.13)<br/>김자반 (13)<br/>치즈돈가스 (1.2.5.6.10)<br/>유자드레싱 (13)<br/>깍두기 (9),20241224
부산광역시,명호고등학교,팥찰밥 <br/>들깨미역국 (5.6)<br/>단호박갈비찜 (5.6.10.13)<br/>삼색잡채 (1.5.6.13)<br/>감자채볶음(안) (5)<br/>김치 (9)<br/>마카롱 (1.2.6),20241226
부산광역시,명호고등학교,고구마도넛 (1.2.5.6)<br/>순대돼지국밥 (2.5.6.9.10.13.16)<br/>아삭고추된장무침 (5.6)<br/>부추겉절이 (5.6.13)<br/>김치전 (5.6.9)<br/>섞박지 (9),20241227
부산광역시,명호고등학교,양념장 (5.6)<br/>잔치국수* (1.5.6)<br/>오징어어묵무침* (1.5.6.13.17)<br/>김 <br/>섞박지 (9)<br/>아이스크림1 (1.2.5),20241230
부산광역시,명호고등학교,현미밥 <br/>떡만둣국 (1.5.6.10.16.18)<br/>메추리알곤약조림 (1.5.6.13)<br/>새우살호박볶음* (9.13)<br/>슈프림치킨 (1.5.6.15)<br/>김치 (9)<br/>귤1 ,20250131
부산광역시,명호고등학교,백미밥 <br/>건새우콩나물국 (5.6.9)<br/>햄달걀찜* (1.2.5.6.10.15.16)<br/>치즈떡볶이(치즈떡) (1.2.5.6.12.13)<br/>오징어튀김(1) (1.5.6.17)<br/>김말이 (1.5.6.16)<br/>김치 (9)<br/>유산균음료(복숭/파인) (2),20250203
부산광역시,명호고등학교,순대돼지국밥 (2.5.6.9.10.13.16)<br/>아삭고추된장무침 (5.6)<br/>부추겉절이 (5.6.13)<br/>김치전 (5.6.9)<br/>미니붕어빵 (1.2.5.6)<br/>깍두기 (9),20250204
부산광역시,명호고등학교,자장면 (1.2.5.6.10.12.13.16.18)<br/>탕수육 (1.5.6.10.13)<br/>군만두 (1.5.6.10.16.18)<br/>단무지 <br/>소스 (5.6.13)<br/>초간장 (5.6.13)<br/>요구르트 (2),20250205
부산광역시,명호고등학교,팥찰밥 <br/>쇠고기미역국1 (5.6.16)<br/>단호박갈비찜 (5.6.10.13)<br/>삼색나물 (5.6)<br/>돈육잡채 (1.5.6.10.13)<br/>김치 (9)<br/>사과맛요거트 (2.5),20250304
부산광역시,명호고등학교,돼지국밥 (2.5.6.9.10.13.16)<br/>부추겉절이 (5.6.13)<br/>취나물된장무침 (5.6)<br/>김치전 (5.6.9)<br/>섞박지 (9)<br/>딸기 ,20250305
부산광역시,명호고등학교,현미밥 <br/>닭곰탕*당면 (15)<br/>온두부 (5)<br/>봄동겉절이 (13)<br/>비엔나떡볶음 (2.5.6.10.12.13.15.16)<br/>볶음김치 (9)<br/>깍두기 (9),20250306
부산광역시,명호고등학교,콩고기콩나물밥 (1.5.6)<br/>달래양념장 (5.6.13)<br/>단배추된장국 (5.6)<br/>새우튀김 (1.5.6.9)<br/>채식만두 (1.5.6.10.16.18)<br/>김치 (9)<br/>초간장 (5.6.13)<br/>콘소스 (1.2.5.6.13)<br/>떠먹는요구르트(저당) (2),20250307
부산광역시,명호고등학교,백미밥 <br/>김치우동 (1.5.6.9)<br/>양배추샐러드 (1.5.12.13)<br/>키위드레싱 (1.2.5.6.11.13)<br/>김자반 (13)<br/>치즈돈가스 (1.2.5.6.10)<br/>깍두기 (9)<br/>과일에이드 ,20250310
부산광역시,명호고등학교,현미밥 <br/>달래양념장 (5.6.13)<br/>맑은동태탕 (5.6.9)<br/>연두부 (5)<br/>깻잎무절임 <br/>오이*당근*쌈장 (5.6)<br/>오리불고기 (5.6.13)<br/>김치 (9),20250311
부산광역시,명호고등학교,옛날도시락비빔밥 (1.2.5.6.9.10.15.16)<br/>들깨무채국 (5.6)<br/>요구르트 (2)<br/>꽈배기도넛 (1.2.5.6)<br/>깍두기 (9),20250312
부산광역시,명호고등학교,검정쌀밥1 <br/>쇠고기버섯샤브(국)18 (5.6.13.16)<br/>햄달걀찜* (1.2.5.6.10.15.16)<br/>우엉채조림 (5.6.13)<br/>두부담은찰도그롤 (1.2.5.6.10.16)<br/>김치 (9)<br/>쑥절편 ,20250313
부산광역시,명호고등학교,미역장국 (5.6)<br/>돈육주꾸미비빔밥 (5.6.10.13)<br/>고구마치즈또띠아 (2.5.6)<br/>김치 (9)<br/>마카롱 (1.2.6),20250314
부산광역시,명호고등학교,현미밥 <br/>바지락쑥국 (5.6.18)<br/>분모자간장찜닭 (5.6.13.15)<br/>브로콜리숙회*초장 (5.6.13)<br/>고등어양념구이 (5.6.7.13)<br/>김치 (9)<br/>한라봉 ,20250317
부산광역시,명호고등학교,기장밥1 <br/>육개장(안) (5.6.16)<br/>미트볼데리야끼조림 (1.2.5.6.10.13.15.16)<br/>시금치나물 <br/>생선까스 (1.5.6)<br/>김치 (9)<br/>치폴레소스 (1.5),20250318
부산광역시,명호고등학교,자장면 (1.2.5.6.10.12.13.16.18)<br/>탕수육 (1.5.6.10.13)<br/>백짬뽕매운군만두18 (1.5.6.10.13.16.18)<br/>단무지 <br/>소스 (5.6.13)<br/>초간장 (5.6.13)<br/>요구르트 (2),20250319
부산광역시,명호고등학교,검정쌀밥1 <br/>단배추냉이된장국 (5.6.18)<br/>수육 (5.6.10)<br/>양파절임 <br/>찜순대 (2.5.6.10.13.16)<br/>양념순두부 (5.6.13)<br/>김치 (9)<br/>쌈장 (5.6.13),20250320
부산광역시,명호고등학교,떡갈비*나물비빔밥 (5.6.10.13.15.16.18)<br/>감자옹심이국* (5.6.17)<br/>고구마맛탕 (5.13)<br/>김치 (9)<br/>약고추장 (5.6.13)<br/>파인애플 ,20250321
부산광역시,명호고등학교,차조밥 <br/>부대찌개(면사리)* (1.2.5.6.9.10.12.15.16)<br/>김가루청포묵무침(a)* (5.6)<br/>도시락김 <br/>데리야끼멘츠카츠 (1.2.5.6.10.12.15.16)<br/>깍두기 (9)<br/>과일(사과) ,20250324
부산광역시,명호고등학교,귀리밥 <br/>등뼈감자탕(명) (5.6.9.10.13)<br/>돈육메추리알장조림* (1.5.6.10.13)<br/>돌나물초무침(a) (5.6.13)<br/>삼치구이 (5.13)<br/>김치 (9),20250325
부산광역시,명호고등학교,치킨마요덮밥* (1.5.6.13.15)<br/>배추된장국 (5.6.18)<br/>소떡소떡 (1.2.5.6.10.15.16)<br/>김치 (9)<br/>황도토마토절임 (11.12),20250326
부산광역시,명호고등학교,율무밥1 <br/>닭개장 (5.6.15)<br/>달래무생채 (5.6.13)<br/>어묵볶이 (1.5.6.13)<br/>동그랑땡구이 (1.2.5.6.10.15.16)<br/>김치 (9)<br/>케첩 (12),20250327
부산광역시,명호고등학교,토마토스파게티(고) (1.2.5.6.10.12.13.15.16)<br/>소시지빵(수제) (1.2.5.6.12.13)<br/>감자튀김*케첩 (5.6.12)<br/>오이피클 <br/>파인애플양상추샐러드 (2.11)<br/>딸기우유 (2),20250328
부산광역시,명호고등학교,백미밥 <br/>양념장 (5.6)<br/>잔치국수* (1.5.6)<br/>오징어어묵무침*도시락김 (1.5.6.13.17)<br/>핫도그 (1.2.5.6.10.12.15.18)<br/>섞박지 (9)<br/>케첩 (12),20250331
부산광역시,명호고등학교,팥찰밥 <br/>쇠고기미역국1 (5.6.16)<br/>돼지갈비찜 (5.6.10.13)<br/>돈육잡채 (1.5.6.10.13)<br/>명태살어묵전 (1.5.6)<br/>김치 (9)<br/>초코뻥 (1.2.5.6),20250401
부산광역시,명호고등학교,가쓰오장국 (1.2.5.6.9.13)<br/>제육생채소비빔밥 (5.6.10.13)<br/>김치 (9)<br/>꽈배기도넛 (1.2.5.6)<br/>방울토마토* (12),20250402
부산광역시,명호고등학교,검정쌀밥1 <br/>달래양념장 (5.6.13)<br/>감자된장국 (5.6)<br/>연두부 (5)<br/>깻잎무절임 <br/>오리불고기 (5.6.13)<br/>김치 (9)<br/>에그타르트18 (1.2.5.6),20250403
부산광역시,명호고등학교,돈육카레라이스 (2.5.6.10.12.13.16.18)<br/>오이무침* (5.6.13)<br/>팝콘치킨샐러드 (1.2.5.6.13.15)<br/>핫도그 (1.2.5.6.10.12.15.18)<br/>김치 (9)<br/>케첩 (12)<br/>마카롱(요거트맛) (1.2.6),20250404
부산광역시,명호고등학교,현미밥 <br/>단배추된장국 (5.6)<br/>메추리알장조림* (1.5.6.13)<br/>주꾸미브로콜리숙회*초장 (5.6.13)<br/>닭강정 (5.6.12.13.15)<br/>김치 (9),20250407
부산광역시,명호고등학교,기장밥1 <br/>맑은콩나물국 (5.6)<br/>비름나물무침 (5.6)<br/>고추장불고기(버섯) (5.6.10.13)<br/>소시지구이 (1.2.5.6.10.15.16)<br/>케첩 (12)<br/>깍두기 (9),20250408
부산광역시,명호고등학교,1/2백미밥+김가루 <br/>김치비빔국수 (1.5.6.9.16)<br/>꼬지어묵탕 (1.5.6)<br/>언양식반달불고기 (1.2.5.6.10.12.15.16)<br/>푸딩(파인애플) <br/>깍두기 (9),20250409
부산광역시,명호고등학교,율무밥1 <br/>녹두삼계탕 (15)<br/>고등어무조림* (5.6.7.13)<br/>부추겉절이 (5.6.13)<br/>미니돈가스*소스 (1.2.5.6.10.12.13.16.18)<br/>김치 (9)<br/>쑥절편 ,20250410
부산광역시,명호고등학교,스팸마요덮밥(a) (1.2.5.6.10.13.15.16)<br/>미역장국 (5.6)<br/>김말이떡강정 (1.4.5.6.12.13.16)<br/>김치 (9)<br/>오렌지 ,20250411
부산광역시,명호고등학교,자장면 (1.2.5.6.10.12.13.16.18)<br/>탕수육 (1.5.6.10.13)<br/>백짬뽕매운군만두18 (1.5.6.10.13.16.18)<br/>단무지 <br/>소스 (5.6.13)<br/>초간장 (5.6.13)<br/>요구르트 (2),20250414
부산광역시,명호고등학교,차조밥 <br/>육개장(안) (5.6.16)<br/>진미채버터구이16 (2.5.13.17)<br/>달걀말이* (1.5.13)<br/>미트볼치즈구이* (1.2.5.6.10.12.13.15.16)<br/>김치 (9)<br/>케첩 (12)<br/>짜먹는요구르트(포) (2),20250415
부산광역시,명호고등학교,백미밥 <br/>미니우동 (1.2.5.6.9.13)<br/>김자반 (13)<br/>국물떡볶이 (1.5.6.13)<br/>김말이 (1.5.6.16)<br/>만두튀김 (1.5.6.10.16.18)<br/>김치 (9)<br/>유산균주스 (2),20250416
부산광역시,명호고등학교,검정쌀밥1 <br/>무청시래기국 (5.6.9)<br/>닭볶음탕 (5.6.13.15)<br/>미나리무생채 (13)<br/>생선까스 (1.5.6)<br/>김치 (9)<br/>타르타르 (1.5.13)<br/>과일(키위) ,20250417
부산광역시,명호고등학교,매콤크림파스타 (1.2.5.6.10.12.13.15.16)<br/>미니불고기버거 (1.2.5.6.10.12.13.15.16.18)<br/>토마토치즈샐러드 (1.2.5.6.12.13)<br/>감자튀김 (5.6)<br/>오이피클 <br/>케첩 (12)<br/>복숭아에이드 (11),20250418
부산광역시,명호고등학교,완두콩밥 <br/>몽떡어묵탕 (1.5.6)<br/>온두부 (5)<br/>샐러드곤약면 (5.6.13.16)<br/>볶음김치 (9)<br/>돈가스 (1.2.5.6.10)<br/>김치 (9)<br/>돈가스소스(완)(고) (5.6.12.13.18),20250421
부산광역시,명호고등학교,현미밥 <br/>애호박된장국 (5.6.18)<br/>마늘보쌈(hj) (5.6.10.13)<br/>취나물된장무침 (5.6)<br/>감자채전 (5.6)<br/>김치 (9)<br/>초간장 (5.6.13)<br/>망고주스 (13),20250422
부산광역시,명호고등학교,백미밥 <br/>꿀빵 (4)<br/>닭칼국수 (6.15)<br/>오징어어묵무침*도시락김 (1.5.6.13.17)<br/>섞박지 (9),20250423
부산광역시,명호고등학교,기장밥1 <br/>비빔당면 (1.5.6)<br/>떡만둣국 (1.5.6.10.16.18)<br/>단배추된장나물 (5.6)<br/>대파채겉절이(레몬) (1.2.5.6)<br/>언양식반달불고기 (1.2.5.6.10.12.15.16)<br/>김치 (9),20250424
부산광역시,명호고등학교,*산채비빔밥*약고추장 (5.6.16)<br/>두부된장국 (5.6.18)<br/>열대과일샐러드 (2.11.13)<br/>달걀후라이 (1.5)<br/>회오리감자 (5.6)<br/>김치 (9),20250425
부산광역시,명호고등학교,옛날도시락비빔밥(소시지)(고) (1.2.5.6.9.10.15.16)<br/>들깨무채국 (5.6)<br/>깍두기 (9)<br/>포도주스 (13)<br/>머핀 (1.2.5.6),20250428
부산광역시,명호고등학교,고기짬뽕 (5.6.9.10.13.17.18)<br/>중국식오이무침 (5.6.13.18)<br/>한입꿔바로우 (1.5.6.10)<br/>단무지 <br/>파인애플쥬스 (13),20250429
